name,pokedex_number,height,weight,capture_rate,type1,type2,num_type,total,hit_points,attack,defense,sp_attack,sp_defense,speed,generation,legendary,category,magic,friendship,recommended_ball
Bulbasaur,1,0.7,6.9,45,grass,poison,2,318,45,49,49,65,65,45,1,No,Natural,No,,Ultra Ball
Ivysaur,2,1,13,45,grass,poison,2,405,60,62,63,80,80,60,1,No,Natural,No,Friendly,Ultra Ball
Venusaur,3,2,100,45,grass,poison,2,625,80,100,123,122,120,80,1,No,Natural,No,Friendly,Ultra Ball
Charmander,4,0.6,8.5,45,fire,,1,309,39,52,43,60,50,65,1,No,Natural,No,Friendly,Ultra Ball
Charmeleon,5,1.1,19,45,fire,,1,405,58,64,58,80,65,80,1,No,Natural,No,Friendly,Ultra Ball
Charizard,6,1.7,90.5,45,fire,flying,2,634,78,104,78,159,115,100,1,No,Natural,No,Friendly,Ultra Ball
Squirtle,7,0.5,9,45,water,,1,314,44,48,65,50,64,43,1,No,Natural,No,Friendly,Ultra Ball
Wartortle,8,1,22.5,45,water,,1,405,59,63,80,65,80,58,1,No,Natural,No,Friendly,Ultra Ball
Blastoise,9,1.6,85.5,45,water,,1,630,79,103,120,135,115,78,1,No,Natural,No,Friendly,Ultra Ball
Caterpie,10,0.3,2.9,255,bug,,1,195,45,30,35,20,20,45,1,No,Air,No,Friendly,Specialized Ball
Metapod,11,0.7,9.9,120,bug,,1,205,50,20,55,25,25,30,1,No,Air,No,Friendly,Specialized Ball
Butterfree,12,1.1,32,45,bug,flying,2,395,60,45,50,90,80,70,1,No,Air,No,Friendly,Ultra Ball
Weedle,13,0.3,3.2,255,bug,poison,2,195,40,35,30,20,20,50,1,No,Air,No,Friendly,Specialized Ball
Kakuna,14,0.6,10,120,bug,poison,2,205,45,25,50,25,25,35,1,No,Air,No,Friendly,Specialized Ball
Beedrill,15,1,29.5,45,bug,poison,2,495,65,150,40,15,80,145,1,No,Air,No,Friendly,Ultra Ball
Pidgey,16,0.3,1.8,255,normal,flying,2,251,40,45,40,35,35,56,1,No,Physical,No,Friendly,Specialized Ball
Pidgeotto,17,1.1,30,120,normal,flying,2,349,63,60,55,50,50,71,1,No,Physical,No,Friendly,Specialized Ball
Pidgeot,18,1.5,39.5,45,normal,flying,2,579,83,80,80,135,80,121,1,No,Physical,No,Friendly,Ultra Ball
Rattata,19,,,255,normal,dark,2,253,30,56,35,25,35,72,1,No,Physical,Yes,Friendly,Specialized Ball
Raticate,20,,,127,normal,dark,2,413,75,71,70,40,80,77,1,No,Physical,Yes,Friendly,Standard Ball
Spearow,21,0.3,2,255,normal,flying,2,262,40,60,30,31,31,70,1,No,Physical,No,Friendly,Specialized Ball
Fearow,22,1.2,38,90,normal,flying,2,442,65,90,65,61,61,100,1,No,Physical,No,Friendly,Specialized Ball
Ekans,23,2,6.9,255,poison,,1,288,35,60,44,40,54,55,1,No,Physical,No,Friendly,Specialized Ball
Arbok,24,3.5,65,90,poison,,1,448,60,95,69,65,79,80,1,No,Physical,No,Friendly,Standard Ball
Pikachu,25,0.4,6,190,electric,,1,320,35,55,40,50,50,90,1,No,Natural,No,Friendly,Specialized Ball
Raichu,26,,,75,electric,electric,2,485,60,85,50,95,85,110,1,No,Natural,No,Friendly,Specialized Ball
Sandshrew,27,,,255,ground,ice,2,300,50,75,90,10,35,40,1,No,Natural,No,Friendly,Specialized Ball
Sandslash,28,,,90,ground,ice,2,450,75,100,120,25,65,65,1,No,Natural,No,Friendly,Standard Ball
Nidoran (Female),29,0.4,7,235,poison,,1,275,55,47,52,40,40,41,1,No,Physical,No,,Specialized Ball
Nidorina,30,0.8,20,120,poison,,1,365,70,62,67,55,55,56,1,No,Physical,No,Friendly,Specialized Ball
Nidoqueen,31,1.3,60,45,poison,ground,2,505,90,92,87,75,85,76,1,No,Physical,No,Friendly,Ultra Ball
Nidoran (Male),32,0.5,9,235,poison,,1,273,46,57,40,40,40,50,1,No,Physical,No,,Specialized Ball
Nidorino,33,0.9,19.5,120,poison,,1,365,61,72,57,55,55,65,1,No,Physical,No,Friendly,Specialized Ball
Nidoking,34,1.4,62,45,poison,ground,2,505,81,102,77,85,75,85,1,No,Physical,No,Friendly,Ultra Ball
Clefairy,35,0.6,7.5,150,fairy,,1,323,70,45,48,60,65,35,1,No,Mystical,Yes,Super Loyal,Specialized Ball
Clefable,36,1.3,40,25,fairy,,1,483,95,70,73,95,90,60,1,No,Mystical,Yes,Super Loyal,Ultra Ball
Vulpix,37,,,190,fire,ice,2,299,38,41,40,50,65,65,1,No,Natural,No,Friendly,Specialized Ball
Ninetales,38,,,75,fire,ice,2,505,73,67,75,81,100,109,1,No,Natural,No,Friendly,Specialized Ball
Jigglypuff,39,0.5,5.5,170,normal,fairy,2,270,115,45,20,45,25,20,1,No,Physical,Yes,Friendly,Specialized Ball
Wigglytuff,40,1,12,50,normal,fairy,2,435,140,70,45,85,50,45,1,No,Physical,Yes,Friendly,Standard Ball
Zubat,41,0.8,7.5,255,poison,flying,2,245,40,45,35,30,40,55,1,No,Physical,No,Friendly,Specialized Ball
Golbat,42,1.6,55,90,poison,flying,2,455,75,80,70,65,75,90,1,No,Physical,No,Friendly,Standard Ball
Oddish,43,0.5,5.4,255,grass,poison,2,320,45,50,55,75,65,30,1,No,Natural,No,Friendly,Specialized Ball
Gloom,44,0.8,8.6,120,grass,poison,2,395,60,65,70,85,75,40,1,No,Natural,No,Friendly,Specialized Ball
Vileplume,45,1.2,18.6,45,grass,poison,2,490,75,80,85,110,90,50,1,No,Natural,No,Friendly,Ultra Ball
Paras,46,0.3,5.4,190,bug,grass,2,285,35,70,55,45,55,25,1,No,Air,No,Friendly,Specialized Ball
Parasect,47,1,29.5,75,bug,grass,2,405,60,95,80,60,80,30,1,No,Air,No,Friendly,Specialized Ball
Venonat,48,1,30,190,bug,poison,2,305,60,55,50,40,55,45,1,No,Air,No,Friendly,Specialized Ball
Venomoth,49,1.5,12.5,75,bug,poison,2,450,70,65,60,90,75,90,1,No,Air,No,Friendly,Specialized Ball
Diglett,50,,,255,ground,ground,2,265,10,55,30,35,45,90,1,No,Natural,No,Friendly,Specialized Ball
Dugtrio,51,,,50,ground,ground,2,425,35,100,60,50,70,110,1,No,Natural,No,Friendly,Specialized Ball
Meowth,52,,,255,normal,dark,2,290,40,35,35,50,40,90,1,No,Physical,Yes,Friendly,Specialized Ball
Persian,53,,,90,normal,dark,2,440,65,60,60,75,65,115,1,No,Physical,Yes,Friendly,Specialized Ball
Psyduck,54,0.8,19.6,190,water,,1,320,50,52,48,65,50,55,1,No,Natural,No,Friendly,Specialized Ball
Golduck,55,1.7,76.6,75,water,,1,500,80,82,78,95,80,85,1,No,Natural,No,Friendly,Specialized Ball
Mankey,56,0.5,28,190,fighting,,1,305,40,80,35,35,45,70,1,No,Physical,No,Friendly,Specialized Ball
Primeape,57,1,32,75,fighting,,1,455,65,105,60,60,70,95,1,No,Physical,No,Friendly,Standard Ball
Growlithe,58,0.7,19,190,fire,,1,350,55,70,45,70,50,60,1,No,Natural,No,Friendly,Specialized Ball
Arcanine,59,1.9,155,75,fire,,1,555,90,110,80,100,80,95,1,No,Natural,No,Friendly,Specialized Ball
Poliwag,60,0.6,12.4,255,water,,1,300,40,50,40,40,40,90,1,No,Natural,No,Friendly,Specialized Ball
Poliwhirl,61,1,20,120,water,,1,385,65,65,65,50,50,90,1,No,Natural,No,Friendly,Specialized Ball
Poliwrath,62,1.3,54,45,water,fighting,2,510,90,95,95,70,90,70,1,No,Natural,No,Friendly,Ultra Ball
Abra,63,0.9,19.5,200,psychic,,1,310,25,20,15,105,55,90,1,No,Mystical,Yes,Friendly,Specialized Ball
Kadabra,64,1.3,56.5,100,psychic,,1,400,40,35,30,120,70,105,1,No,Mystical,Yes,Friendly,Specialized Ball
Alakazam,65,1.5,48,50,psychic,,1,600,55,50,65,175,105,150,1,No,Mystical,Yes,Friendly,Specialized Ball
Machop,66,0.8,19.5,180,fighting,,1,305,70,80,50,35,35,35,1,No,Physical,No,Friendly,Specialized Ball
Machoke,67,1.5,70.5,90,fighting,,1,405,80,100,70,50,60,45,1,No,Physical,No,Friendly,Standard Ball
Machamp,68,1.6,130,45,fighting,,1,505,90,130,80,65,85,55,1,No,Physical,No,Friendly,Ultra Ball
Bellsprout,69,0.7,4,255,grass,poison,2,300,50,75,35,70,30,40,1,No,Natural,No,Friendly,Specialized Ball
Weepinbell,70,1,6.4,120,grass,poison,2,390,65,90,50,85,45,55,1,No,Natural,No,Friendly,Specialized Ball
Victreebel,71,1.7,15.5,45,grass,poison,2,490,80,105,65,100,70,70,1,No,Natural,No,Friendly,Ultra Ball
Tentacool,72,0.9,45.5,190,water,poison,2,335,40,40,35,50,100,70,1,No,Natural,No,Friendly,Specialized Ball
Tentacruel,73,1.6,55,60,water,poison,2,515,80,70,65,80,120,100,1,No,Natural,No,Friendly,Specialized Ball
Geodude,74,,,255,rock,ground,2,300,40,80,100,30,30,20,1,No,Natural,No,Friendly,Specialized Ball
Graveler,75,,,120,rock,ground,2,390,55,95,115,45,45,35,1,No,Natural,No,Friendly,Specialized Ball
Golem,76,,,45,rock,ground,2,495,80,120,130,55,65,45,1,No,Natural,No,Friendly,Ultra Ball
Ponyta,77,1,30,190,fire,,1,410,50,85,55,65,65,90,1,No,Natural,No,Friendly,Standard Ball
Rapidash,78,1.7,95,60,fire,,1,500,65,100,70,80,80,105,1,No,Natural,No,Friendly,Specialized Ball
Slowpoke,79,1.2,36,190,water,psychic,2,315,90,65,65,40,40,15,1,No,Natural,Yes,Friendly,Specialized Ball
Slowbro,80,1.6,78.5,75,water,psychic,2,590,95,75,180,130,80,30,1,No,Natural,Yes,Friendly,Specialized Ball
Magnemite,81,0.3,6,190,electric,steel,2,325,25,35,70,95,55,45,1,No,Natural,No,Friendly,Specialized Ball
Magneton,82,1,60,60,electric,steel,2,465,50,60,95,120,70,70,1,No,Natural,No,Friendly,Standard Ball
Farfetch'd,83,0.8,15,45,normal,flying,2,377,52,90,55,58,62,60,1,No,Physical,No,Friendly,Ultra Ball
Doduo,84,1.4,39.2,190,normal,flying,2,310,35,85,45,35,35,75,1,No,Physical,No,Friendly,Specialized Ball
Dodrio,85,1.8,85.2,45,normal,flying,2,470,60,110,70,60,60,110,1,No,Physical,No,Friendly,Ultra Ball
Seel,86,1.1,90,190,water,,1,325,65,45,55,45,70,45,1,No,Natural,No,Friendly,Specialized Ball
Dewgong,87,1.7,120,75,water,ice,2,475,90,70,80,70,95,70,1,No,Natural,No,Friendly,Specialized Ball
Grimer,88,,,190,poison,poison,2,325,80,80,50,40,50,25,1,No,Physical,No,Friendly,Specialized Ball
Muk,89,,,75,poison,poison,2,500,105,105,75,65,100,50,1,No,Physical,No,Friendly,Standard Ball
Shellder,90,0.3,4,190,water,,1,305,30,65,100,45,25,40,1,No,Natural,No,Friendly,Specialized Ball
Cloyster,91,1.5,132.5,60,water,ice,2,525,50,95,180,85,45,70,1,No,Natural,No,Friendly,Specialized Ball
Gastly,92,1.3,0.1,190,ghost,poison,2,310,30,35,30,100,35,80,1,No,Mystical,Yes,Friendly,Specialized Ball
Haunter,93,1.6,0.1,90,ghost,poison,2,405,45,50,45,115,55,95,1,No,Mystical,Yes,Friendly,Standard Ball
Gengar,94,1.5,40.5,45,ghost,poison,2,600,60,65,80,170,95,130,1,No,Mystical,Yes,Friendly,Ultra Ball
Onix,95,8.8,210,45,rock,ground,2,385,35,45,160,30,45,70,1,No,Natural,No,Friendly,Ultra Ball
Drowzee,96,1,32.4,190,psychic,,1,328,60,48,45,43,90,42,1,No,Mystical,Yes,Friendly,Specialized Ball
Hypno,97,1.6,75.6,75,psychic,,1,483,85,73,70,73,115,67,1,No,Mystical,Yes,Friendly,Standard Ball
Krabby,98,0.4,6.5,225,water,,1,325,30,105,90,25,25,50,1,No,Natural,No,Friendly,Specialized Ball
Kingler,99,1.3,60,60,water,,1,475,55,130,115,50,50,75,1,No,Natural,No,Friendly,Specialized Ball
Voltorb,100,0.5,10.4,190,electric,,1,330,40,30,50,55,55,100,1,No,Natural,No,Friendly,Specialized Ball
Electrode,101,1.2,66.6,60,electric,,1,490,60,50,70,80,80,150,1,No,Natural,No,Friendly,Specialized Ball
Exeggcute,102,0.4,2.5,90,grass,psychic,2,325,60,40,80,60,45,40,1,No,Natural,Yes,Friendly,Specialized Ball
Exeggutor,103,,,45,grass,psychic,2,530,95,105,85,125,75,45,1,No,Natural,Yes,Friendly,Ultra Ball
Cubone,104,0.4,6.5,190,ground,,1,320,50,50,95,40,50,35,1,No,Natural,No,Friendly,Specialized Ball
Marowak,105,,,75,ground,fire,2,425,60,80,110,50,80,45,1,No,Natural,No,Friendly,Standard Ball
Hitmonlee,106,1.5,49.8,45,fighting,,1,455,50,120,53,35,110,87,1,No,Physical,No,Friendly,Ultra Ball
Hitmonchan,107,1.4,50.2,45,fighting,,1,455,50,105,79,35,110,76,1,No,Physical,No,Friendly,Ultra Ball
Lickitung,108,1.2,65.5,45,normal,,1,385,90,55,75,60,75,30,1,No,Physical,No,Friendly,Ultra Ball
Koffing,109,0.6,1,190,poison,,1,340,40,65,95,60,45,35,1,No,Physical,No,Friendly,Specialized Ball
Weezing,110,1.2,9.5,60,poison,,1,490,65,90,120,85,70,60,1,No,Physical,No,Friendly,Standard Ball
Rhyhorn,111,1,115,120,ground,rock,2,345,80,85,95,30,30,25,1,No,Natural,No,Friendly,Specialized Ball
Rhydon,112,1.9,120,60,ground,rock,2,485,105,130,120,45,45,40,1,No,Natural,No,Friendly,Specialized Ball
Chansey,113,1.1,34.6,30,normal,,1,450,250,5,5,35,105,50,1,No,Physical,No,Super Loyal,Ultra Ball
Tangela,114,1,35,45,grass,,1,435,65,55,115,100,40,60,1,No,Natural,No,Friendly,Ultra Ball
Kangaskhan,115,2.2,80,45,normal,,1,590,105,125,100,60,100,100,1,No,Physical,No,Friendly,Ultra Ball
Horsea,116,0.4,8,225,water,,1,295,30,40,70,70,25,60,1,No,Natural,No,Friendly,Specialized Ball
Seadra,117,1.2,25,75,water,,1,440,55,65,95,95,45,85,1,No,Natural,No,Friendly,Specialized Ball
Goldeen,118,0.6,15,225,water,,1,320,45,67,60,35,50,63,1,No,Natural,No,Friendly,Specialized Ball
Seaking,119,1.3,39,60,water,,1,450,80,92,65,65,80,68,1,No,Natural,No,Friendly,Specialized Ball
Staryu,120,0.8,34.5,225,water,,1,340,30,45,55,70,55,85,1,No,Natural,No,Friendly,Specialized Ball
Starmie,121,1.1,80,60,water,psychic,2,520,60,75,85,100,85,115,1,No,Natural,Yes,Friendly,Specialized Ball
Mr. Mime,122,1.3,54.5,45,psychic,fairy,2,460,40,45,65,100,120,90,1,No,Mystical,Yes,Friendly,Ultra Ball
Scyther,123,1.5,56,45,bug,flying,2,500,70,110,80,55,80,105,1,No,Air,No,Friendly,Ultra Ball
Jynx,124,1.4,40.6,45,ice,psychic,2,455,65,50,35,115,95,95,1,No,Natural,Yes,Friendly,Ultra Ball
Electabuzz,125,1.1,30,45,electric,,1,490,65,83,57,95,85,105,1,No,Natural,No,Friendly,Ultra Ball
Magmar,126,1.3,44.5,45,fire,,1,495,65,95,57,100,85,93,1,No,Natural,No,Friendly,Ultra Ball
Pinsir,127,1.5,55,45,bug,,1,600,65,155,120,65,90,105,1,No,Air,No,Friendly,Ultra Ball
Tauros,128,1.4,88.4,45,normal,,1,490,75,100,95,40,70,110,1,No,Physical,No,Friendly,Ultra Ball
Magikarp,129,0.9,10,255,water,,1,200,20,10,55,15,20,80,1,No,Natural,No,Friendly,Specialized Ball
Gyarados,130,6.5,235,45,water,flying,2,640,95,155,109,70,130,81,1,No,Natural,No,Friendly,Ultra Ball
Lapras,131,2.5,220,45,water,ice,2,535,130,85,80,85,95,60,1,No,Natural,No,Friendly,Ultra Ball
Ditto,132,0.3,4,35,normal,,1,288,48,48,48,48,48,48,1,No,Physical,No,Friendly,Ultra Ball
Eevee,133,0.3,6.5,45,normal,,1,325,55,55,50,45,65,55,1,No,Physical,No,Friendly,Ultra Ball
Vaporeon,134,1,29,45,water,,1,525,130,65,60,110,95,65,1,No,Natural,No,Friendly,Ultra Ball
Jolteon,135,0.8,24.5,45,electric,,1,525,65,65,60,110,95,130,1,No,Natural,No,Friendly,Ultra Ball
Flareon,136,0.9,25,45,fire,,1,525,65,130,60,95,110,65,1,No,Natural,No,Friendly,Ultra Ball
Porygon,137,0.8,36.5,45,normal,,1,395,65,60,70,85,75,40,1,No,Physical,No,Friendly,Ultra Ball
Omanyte,138,0.4,7.5,45,rock,water,2,355,35,40,100,90,55,35,1,No,Natural,No,Friendly,Ultra Ball
Omastar,139,1,35,45,rock,water,2,495,70,60,125,115,70,55,1,No,Natural,No,Friendly,Ultra Ball
Kabuto,140,0.5,11.5,45,rock,water,2,355,30,80,90,55,45,55,1,No,Natural,No,Friendly,Ultra Ball
Kabutops,141,1.3,40.5,45,rock,water,2,495,60,115,105,65,70,80,1,No,Natural,No,Friendly,Ultra Ball
Aerodactyl,142,1.8,59,45,rock,flying,2,615,80,135,85,70,95,150,1,No,Natural,No,Friendly,Ultra Ball
Snorlax,143,2.1,460,25,normal,,1,540,160,110,65,65,110,30,1,No,Physical,No,Friendly,Ultra Ball
Articuno,144,1.7,55.4,3,ice,flying,2,580,90,85,100,95,125,85,1,Yes,Natural,No,Standoffish,Ultra Ball
Zapdos,145,1.6,52.6,3,electric,flying,2,580,90,90,85,125,90,100,1,Yes,Natural,No,Standoffish,Ultra Ball
Moltres,146,2,60,3,fire,flying,2,580,90,100,90,125,85,90,1,Yes,Natural,No,Standoffish,Ultra Ball
Dratini,147,1.8,3.3,45,dragon,,1,300,41,64,45,50,50,50,1,No,Mystical,Yes,Standoffish,Ultra Ball
Dragonair,148,4,16.5,45,dragon,,1,420,61,84,65,70,70,70,1,No,Mystical,Yes,Standoffish,Ultra Ball
Dragonite,149,2.2,210,45,dragon,flying,2,600,91,134,95,100,100,80,1,No,Mystical,Yes,Standoffish,Ultra Ball
Mewtwo,150,2,122,3,psychic,,1,780,106,150,70,194,120,140,1,Yes,Mystical,Yes,Standoffish,Ultra Ball
Mew,151,0.4,4,45,psychic,,1,600,100,100,100,100,100,100,1,Yes,Mystical,Yes,Super Loyal,Ultra Ball
Chikorita,152,0.9,6.4,45,grass,,1,318,45,49,65,49,65,45,2,No,Natural,No,Friendly,Ultra Ball
Bayleef,153,1.2,15.8,45,grass,,1,405,60,62,80,63,80,60,2,No,Natural,No,Friendly,Ultra Ball
Meganium,154,1.8,100.5,45,grass,,1,525,80,82,100,83,100,80,2,No,Natural,No,Friendly,Ultra Ball
Cyndaquil,155,0.5,7.9,45,fire,,1,309,39,52,43,60,50,65,2,No,Natural,No,Friendly,Ultra Ball
Quilava,156,0.9,19,45,fire,,1,405,58,64,58,80,65,80,2,No,Natural,No,Friendly,Ultra Ball
Typhlosion,157,1.7,79.5,45,fire,,1,534,78,84,78,109,85,100,2,No,Natural,No,Friendly,Ultra Ball
Totodile,158,0.6,9.5,45,water,,1,314,50,65,64,44,48,43,2,No,Natural,No,Friendly,Ultra Ball
Croconaw,159,1.1,25,45,water,,1,405,65,80,80,59,63,58,2,No,Natural,No,Friendly,Ultra Ball
Feraligatr,160,2.3,88.8,45,water,,1,530,85,105,100,79,83,78,2,No,Natural,No,Friendly,Ultra Ball
Sentret,161,0.8,6,255,normal,,1,215,35,46,34,35,45,20,2,No,Physical,No,Friendly,Specialized Ball
Furret,162,1.8,32.5,90,normal,,1,415,85,76,64,45,55,90,2,No,Physical,No,Friendly,Standard Ball
Hoothoot,163,0.7,21.2,255,normal,flying,2,262,60,30,30,36,56,50,2,No,Physical,No,Friendly,Specialized Ball
Noctowl,164,1.6,40.8,90,normal,flying,2,452,100,50,50,86,96,70,2,No,Physical,No,Friendly,Standard Ball
Ledyba,165,1,10.8,255,bug,flying,2,265,40,20,30,40,80,55,2,No,Air,No,Friendly,Specialized Ball
Ledian,166,1.4,35.6,90,bug,flying,2,390,55,35,50,55,110,85,2,No,Air,No,Friendly,Specialized Ball
Spinarak,167,0.5,8.5,255,bug,poison,2,250,40,60,40,40,40,30,2,No,Air,No,Friendly,Specialized Ball
Ariados,168,1.1,33.5,90,bug,poison,2,400,70,90,70,60,70,40,2,No,Air,No,Friendly,Specialized Ball
Crobat,169,1.8,75,90,poison,flying,2,535,85,90,80,70,80,130,2,No,Physical,No,Friendly,Specialized Ball
Chinchou,170,0.5,12,190,water,electric,2,330,75,38,38,56,56,67,2,No,Natural,No,Friendly,Specialized Ball
Lanturn,171,1.2,22.5,75,water,electric,2,460,125,58,58,76,76,67,2,No,Natural,No,Friendly,Specialized Ball
Pichu,172,0.3,2,190,electric,,1,205,20,40,15,35,35,60,2,No,Natural,No,Friendly,Specialized Ball
Cleffa,173,0.3,3,150,fairy,,1,218,50,25,28,45,55,15,2,No,Mystical,Yes,Super Loyal,Specialized Ball
Igglybuff,174,0.3,1,170,normal,fairy,2,210,90,30,15,40,20,15,2,No,Physical,Yes,Friendly,Specialized Ball
Togepi,175,0.3,1.5,190,fairy,,1,245,35,20,65,40,65,20,2,No,Mystical,Yes,Friendly,Specialized Ball
Togetic,176,0.6,3.2,75,fairy,flying,2,405,55,40,85,80,105,40,2,No,Mystical,Yes,Friendly,Standard Ball
Natu,177,0.2,2,190,psychic,flying,2,320,40,50,45,70,45,70,2,No,Mystical,Yes,Friendly,Specialized Ball
Xatu,178,1.5,15,75,psychic,flying,2,470,65,75,70,95,70,95,2,No,Mystical,Yes,Friendly,Standard Ball
Mareep,179,0.6,7.8,235,electric,,1,280,55,40,40,65,45,35,2,No,Natural,No,Friendly,Specialized Ball
Flaaffy,180,0.8,13.3,120,electric,,1,365,70,55,55,80,60,45,2,No,Natural,No,Friendly,Specialized Ball
Ampharos,181,1.4,61.5,45,electric,,1,610,90,95,105,165,110,45,2,No,Natural,No,Friendly,Ultra Ball
Bellossom,182,0.4,5.8,45,grass,,1,490,75,80,95,90,100,50,2,No,Natural,No,Friendly,Ultra Ball
Marill,183,0.4,8.5,190,water,fairy,2,250,70,20,50,20,50,40,2,No,Natural,Yes,Friendly,Specialized Ball
Azumarill,184,0.8,28.5,75,water,fairy,2,420,100,50,80,60,80,50,2,No,Natural,Yes,Friendly,Specialized Ball
Sudowoodo,185,1.2,38,65,rock,,1,410,70,100,115,30,65,30,2,No,Natural,No,Friendly,Standard Ball
Politoed,186,1.1,33.9,45,water,,1,500,90,75,75,90,100,70,2,No,Natural,No,Friendly,Ultra Ball
Hoppip,187,0.4,0.5,255,grass,flying,2,250,35,35,40,35,55,50,2,No,Natural,No,Friendly,Specialized Ball
Skiploom,188,0.6,1,120,grass,flying,2,340,55,45,50,45,65,80,2,No,Natural,No,Friendly,Specialized Ball
Jumpluff,189,0.8,3,45,grass,flying,2,460,75,55,70,55,95,110,2,No,Natural,No,Friendly,Ultra Ball
Aipom,190,0.8,11.5,45,normal,,1,360,55,70,55,40,55,85,2,No,Physical,No,Friendly,Ultra Ball
Sunkern,191,0.3,1.8,235,grass,,1,180,30,30,30,30,30,30,2,No,Natural,No,Friendly,Specialized Ball
Sunflora,192,0.8,8.5,120,grass,,1,425,75,75,55,105,85,30,2,No,Natural,No,Friendly,Standard Ball
Yanma,193,1.2,38,75,bug,flying,2,390,65,65,45,75,45,95,2,No,Air,No,Friendly,Specialized Ball
Wooper,194,0.4,8.5,255,water,ground,2,210,55,45,45,25,25,15,2,No,Natural,No,Friendly,Specialized Ball
Quagsire,195,1.4,75,90,water,ground,2,430,95,85,85,65,65,35,2,No,Natural,No,Friendly,Specialized Ball
Espeon,196,0.9,26.5,45,psychic,,1,525,65,65,60,130,95,110,2,No,Mystical,Yes,Friendly,Ultra Ball
Umbreon,197,1,27,45,dark,,1,525,95,65,110,60,130,65,2,No,Mystical,Yes,Standoffish,Ultra Ball
Murkrow,198,0.5,2.1,30,dark,flying,2,405,60,85,42,85,42,91,2,No,Mystical,Yes,Standoffish,Ultra Ball
Slowking,199,2,79.5,70,water,psychic,2,490,95,75,80,100,110,30,2,No,Natural,Yes,Friendly,Specialized Ball
Misdreavus,200,0.7,1,45,ghost,,1,435,60,60,60,85,85,85,2,No,Mystical,Yes,Standoffish,Ultra Ball
Unown,201,0.5,5,225,psychic,,1,336,48,72,48,72,48,48,2,No,Mystical,Yes,Friendly,Specialized Ball
Wobbuffet,202,1.3,28.5,45,psychic,,1,405,190,33,58,33,58,33,2,No,Mystical,Yes,Friendly,Ultra Ball
Girafarig,203,1.5,41.5,60,normal,psychic,2,455,70,80,65,90,65,85,2,No,Physical,Yes,Friendly,Standard Ball
Pineco,204,0.6,7.2,190,bug,,1,290,50,65,90,35,35,15,2,No,Air,No,Friendly,Specialized Ball
Forretress,205,1.2,125.8,75,bug,steel,2,465,75,90,140,60,60,40,2,No,Air,No,Friendly,Specialized Ball
Dunsparce,206,1.5,14,190,normal,,1,415,100,70,70,65,65,45,2,No,Physical,No,Friendly,Standard Ball
Gligar,207,1.1,64.8,60,ground,flying,2,430,65,75,105,35,65,85,2,No,Natural,No,Friendly,Standard Ball
Steelix,208,9.2,400,25,steel,ground,2,610,75,125,230,55,95,30,2,No,Physical,No,Friendly,Ultra Ball
Snubbull,209,0.6,7.8,190,fairy,,1,300,60,80,50,40,40,30,2,No,Mystical,Yes,Friendly,Specialized Ball
Granbull,210,1.4,48.7,75,fairy,,1,450,90,120,75,60,60,45,2,No,Mystical,Yes,Friendly,Standard Ball
Qwilfish,211,0.5,3.9,45,water,poison,2,440,65,95,85,55,55,85,2,No,Natural,No,Friendly,Ultra Ball
Scizor,212,1.8,118,25,bug,steel,2,600,70,150,140,65,100,75,2,No,Air,No,Friendly,Ultra Ball
Shuckle,213,0.6,20.5,190,bug,rock,2,505,20,10,230,10,230,5,2,No,Air,No,Friendly,Specialized Ball
Heracross,214,1.5,54,45,bug,fighting,2,600,80,185,115,40,105,75,2,No,Air,No,Friendly,Ultra Ball
Sneasel,215,0.9,28,60,dark,ice,2,430,55,95,55,35,75,115,2,No,Mystical,Yes,Standoffish,Specialized Ball
Teddiursa,216,0.6,8.8,120,normal,,1,330,60,80,50,50,50,40,2,No,Physical,No,Friendly,Specialized Ball
Ursaring,217,1.8,125.8,60,normal,,1,500,90,130,75,75,75,55,2,No,Physical,No,Friendly,Specialized Ball
Slugma,218,0.7,35,190,fire,,1,250,40,40,40,70,40,20,2,No,Natural,No,Friendly,Specialized Ball
Magcargo,219,0.8,55,75,fire,rock,2,430,60,50,120,90,80,30,2,No,Natural,No,Friendly,Standard Ball
Swinub,220,0.4,6.5,225,ice,ground,2,250,50,50,40,30,30,50,2,No,Natural,No,Friendly,Specialized Ball
Piloswine,221,1.1,55.8,75,ice,ground,2,450,100,100,80,60,60,50,2,No,Natural,No,Friendly,Standard Ball
Corsola,222,0.6,5,60,water,rock,2,410,65,55,95,65,95,35,2,No,Natural,No,Friendly,Specialized Ball
Remoraid,223,0.6,12,190,water,,1,300,35,65,35,65,35,65,2,No,Natural,No,Friendly,Specialized Ball
Octillery,224,0.9,28.5,75,water,,1,480,75,105,75,105,75,45,2,No,Natural,No,Friendly,Specialized Ball
Delibird,225,0.9,16,45,ice,flying,2,330,45,55,45,65,45,75,2,No,Natural,No,Friendly,Ultra Ball
Mantine,226,2.1,220,25,water,flying,2,485,85,40,70,80,140,70,2,No,Natural,No,Friendly,Ultra Ball
Skarmory,227,1.7,50.5,25,steel,flying,2,465,65,80,140,40,70,70,2,No,Physical,No,Friendly,Ultra Ball
Houndour,228,0.6,10.8,120,dark,fire,2,330,45,60,30,80,50,65,2,No,Mystical,Yes,Standoffish,Specialized Ball
Houndoom,229,1.4,35,45,dark,fire,2,600,75,90,90,140,90,115,2,No,Mystical,Yes,Standoffish,Ultra Ball
Kingdra,230,1.8,152,45,water,dragon,2,540,75,95,95,95,95,85,2,No,Natural,Yes,Friendly,Ultra Ball
Phanpy,231,0.5,33.5,120,ground,,1,330,90,60,60,40,40,40,2,No,Natural,No,Friendly,Specialized Ball
Donphan,232,1.1,120,60,ground,,1,500,90,120,120,60,60,50,2,No,Natural,No,Friendly,Specialized Ball
Porygon2,233,0.6,32.5,45,normal,,1,515,85,80,90,105,95,60,2,No,Physical,No,Friendly,Ultra Ball
Stantler,234,1.4,71.2,45,normal,,1,465,73,95,62,85,65,85,2,No,Physical,No,Friendly,Ultra Ball
Smeargle,235,1.2,58,45,normal,,1,250,55,20,35,20,45,75,2,No,Physical,No,Friendly,Ultra Ball
Tyrogue,236,0.7,21,75,fighting,,1,210,35,35,35,35,35,35,2,No,Physical,No,Friendly,Specialized Ball
Hitmontop,237,1.4,48,45,fighting,,1,455,50,95,95,35,110,70,2,No,Physical,No,Friendly,Ultra Ball
Smoochum,238,0.4,6,45,ice,psychic,2,305,45,30,15,85,65,65,2,No,Natural,Yes,Friendly,Ultra Ball
Elekid,239,0.6,23.5,45,electric,,1,360,45,63,37,65,55,95,2,No,Natural,No,Friendly,Ultra Ball
Magby,240,0.7,21.4,45,fire,,1,365,45,75,37,70,55,83,2,No,Natural,No,Friendly,Ultra Ball
Miltank,241,1.2,75.5,45,normal,,1,490,95,80,105,40,70,100,2,No,Physical,No,Friendly,Ultra Ball
Blissey,242,1.5,46.8,30,normal,,1,540,255,10,10,75,135,55,2,No,Physical,No,Super Loyal,Ultra Ball
Raikou,243,1.9,178,3,electric,,1,580,90,85,75,115,100,115,2,Yes,Natural,No,Standoffish,Ultra Ball
Entei,244,2.1,198,3,fire,,1,580,115,115,85,90,75,100,2,Yes,Natural,No,Standoffish,Ultra Ball
Suicune,245,2,187,3,water,,1,580,100,75,115,90,115,85,2,Yes,Natural,No,Standoffish,Ultra Ball
Larvitar,246,0.6,72,45,rock,ground,2,300,50,64,50,45,50,41,2,No,Natural,No,Standoffish,Ultra Ball
Pupitar,247,1.2,152,45,rock,ground,2,410,70,84,70,65,70,51,2,No,Natural,No,Standoffish,Ultra Ball
Tyranitar,248,2,202,45,rock,dark,2,700,100,164,150,95,120,71,2,No,Natural,Yes,Standoffish,Ultra Ball
Lugia,249,5.2,216,3,psychic,flying,2,680,106,90,130,90,154,110,2,Yes,Mystical,Yes,Standoffish,Ultra Ball
Ho-Oh,250,3.8,199,3,fire,flying,2,680,106,130,90,110,154,90,2,Yes,Natural,No,Standoffish,Ultra Ball
Celebi,251,0.6,5,45,psychic,grass,2,600,100,100,100,100,100,100,2,Yes,Mystical,Yes,Super Loyal,Ultra Ball
Treecko,252,0.5,5,45,grass,,1,310,40,45,35,65,55,70,3,No,Natural,No,Friendly,Ultra Ball
Grovyle,253,0.9,21.6,45,grass,,1,405,50,65,45,85,65,95,3,No,Natural,No,Friendly,Ultra Ball
Sceptile,254,1.7,52.2,45,grass,,1,630,70,110,75,145,85,145,3,No,Natural,No,Friendly,Ultra Ball
Torchic,255,0.4,2.5,45,fire,,1,310,45,60,40,70,50,45,3,No,Natural,No,Friendly,Ultra Ball
Combusken,256,0.9,19.5,45,fire,fighting,2,405,60,85,60,85,60,55,3,No,Natural,No,Friendly,Ultra Ball
Blaziken,257,1.9,52,45,fire,fighting,2,630,80,160,80,130,80,100,3,No,Natural,No,Friendly,Ultra Ball
Mudkip,258,0.4,7.6,45,water,,1,310,50,70,50,50,50,40,3,No,Natural,No,Friendly,Ultra Ball
Marshtomp,259,0.7,28,45,water,ground,2,405,70,85,70,60,70,50,3,No,Natural,No,Friendly,Ultra Ball
Swampert,260,1.5,81.9,45,water,ground,2,635,100,150,110,95,110,70,3,No,Natural,No,Friendly,Ultra Ball
Poochyena,261,0.5,13.6,255,dark,,1,220,35,55,35,30,30,35,3,No,Mystical,Yes,Friendly,Standard Ball
Mightyena,262,1,37,127,dark,,1,420,70,90,70,60,60,70,3,No,Mystical,Yes,Friendly,Standard Ball
Zigzagoon,263,0.4,17.5,255,normal,,1,240,38,30,41,30,41,60,3,No,Physical,No,Friendly,Standard Ball
Linoone,264,0.5,32.5,90,normal,,1,420,78,70,61,50,61,100,3,No,Physical,No,Friendly,Specialized Ball
Wurmple,265,0.3,3.6,255,bug,,1,195,45,45,35,20,30,20,3,No,Air,No,Friendly,Specialized Ball
Silcoon,266,0.6,10,120,bug,,1,205,50,35,55,25,25,15,3,No,Air,No,Friendly,Specialized Ball
Beautifly,267,1,28.4,45,bug,flying,2,395,60,70,50,100,50,65,3,No,Air,No,Friendly,Ultra Ball
Cascoon,268,0.7,11.5,120,bug,,1,205,50,35,55,25,25,15,3,No,Air,No,Friendly,Specialized Ball
Dustox,269,1.2,31.6,45,bug,poison,2,385,60,50,70,50,90,65,3,No,Air,No,Friendly,Ultra Ball
Lotad,270,0.5,2.6,255,water,grass,2,220,40,30,30,40,50,30,3,No,Natural,No,Friendly,Specialized Ball
Lombre,271,1.2,32.5,120,water,grass,2,340,60,50,50,60,70,50,3,No,Natural,No,Friendly,Specialized Ball
Ludicolo,272,1.5,55,45,water,grass,2,480,80,70,70,90,100,70,3,No,Natural,No,Friendly,Ultra Ball
Seedot,273,0.5,4,255,grass,,1,220,40,40,50,30,30,30,3,No,Natural,No,Friendly,Standard Ball
Nuzleaf,274,1,28,120,grass,dark,2,340,70,70,40,60,40,60,3,No,Natural,Yes,Friendly,Standard Ball
Shiftry,275,1.3,59.6,45,grass,dark,2,480,90,100,60,90,60,80,3,No,Natural,Yes,Friendly,Ultra Ball
Taillow,276,0.3,2.3,200,normal,flying,2,270,40,55,30,30,30,85,3,No,Physical,No,Friendly,Standard Ball
Swellow,277,0.7,19.8,45,normal,flying,2,455,60,85,60,75,50,125,3,No,Physical,No,Friendly,Ultra Ball
Wingull,278,0.6,9.5,190,water,flying,2,270,40,30,30,55,30,85,3,No,Natural,No,Friendly,Specialized Ball
Pelipper,279,1.2,28,45,water,flying,2,440,60,50,100,95,70,65,3,No,Natural,No,Friendly,Ultra Ball
Ralts,280,0.4,6.6,235,psychic,fairy,2,198,28,25,25,45,35,40,3,No,Mystical,Yes,Standoffish,Standard Ball
Kirlia,281,0.8,20.2,120,psychic,fairy,2,278,38,35,35,65,55,50,3,No,Mystical,Yes,Standoffish,Standard Ball
Gardevoir,282,1.6,48.4,45,psychic,fairy,2,618,68,85,65,165,135,100,3,No,Mystical,Yes,Standoffish,Ultra Ball
Surskit,283,0.5,1.7,200,bug,water,2,269,40,30,32,50,52,65,3,No,Air,No,Friendly,Specialized Ball
Masquerain,284,0.8,3.6,75,bug,flying,2,454,70,60,62,100,82,80,3,No,Air,No,Friendly,Specialized Ball
Shroomish,285,0.4,4.5,255,grass,,1,295,60,40,60,40,60,35,3,No,Natural,No,Friendly,Standard Ball
Breloom,286,1.2,39.2,90,grass,fighting,2,460,60,130,80,60,60,70,3,No,Natural,No,Friendly,Standard Ball
Slakoth,287,0.8,24,255,normal,,1,280,60,60,60,35,35,30,3,No,Physical,No,Friendly,Standard Ball
Vigoroth,288,1.4,46.5,120,normal,,1,440,80,80,80,55,55,90,3,No,Physical,No,Friendly,Standard Ball
Slaking,289,2,130.5,45,normal,,1,670,150,160,100,95,65,100,3,No,Physical,No,Friendly,Ultra Ball
Nincada,290,0.5,5.5,255,bug,ground,2,266,31,45,90,30,30,40,3,No,Air,No,Friendly,Specialized Ball
Ninjask,291,0.8,12,120,bug,flying,2,456,61,90,45,50,50,160,3,No,Air,No,Friendly,Specialized Ball
Shedinja,292,0.8,1.2,45,bug,ghost,2,236,1,90,45,30,30,40,3,No,Air,Yes,Friendly,Ultra Ball
Whismur,293,0.6,16.3,190,normal,,1,240,64,51,23,51,23,28,3,No,Physical,No,Friendly,Standard Ball
Loudred,294,1,40.5,120,normal,,1,360,84,71,43,71,43,48,3,No,Physical,No,Friendly,Standard Ball
Exploud,295,1.5,84,45,normal,,1,490,104,91,63,91,73,68,3,No,Physical,No,Friendly,Ultra Ball
Makuhita,296,1,86.4,180,fighting,,1,237,72,60,30,20,30,25,3,No,Physical,No,Friendly,Standard Ball
Hariyama,297,2.3,253.8,200,fighting,,1,474,144,120,60,40,60,50,3,No,Physical,No,Friendly,Specialized Ball
Azurill,298,0.2,2,150,normal,fairy,2,190,50,20,40,20,40,20,3,No,Physical,Yes,Friendly,Standard Ball
Nosepass,299,1,97,255,rock,,1,375,30,45,135,45,90,30,3,No,Natural,No,Friendly,Standard Ball
Skitty,300,0.6,11,255,normal,,1,260,50,45,45,35,35,50,3,No,Physical,No,Friendly,Standard Ball
Delcatty,301,1.1,32.6,60,normal,,1,400,70,65,65,55,55,90,3,No,Physical,No,Friendly,Standard Ball
Sableye,302,0.5,11,45,dark,ghost,2,480,50,85,125,85,115,20,3,No,Mystical,Yes,Standoffish,Ultra Ball
Mawile,303,0.6,11.5,45,steel,fairy,2,480,50,105,125,55,95,50,3,No,Physical,Yes,Friendly,Ultra Ball
Aron,304,0.4,60,180,steel,rock,2,330,50,70,100,40,40,30,3,No,Physical,No,Standoffish,Standard Ball
Lairon,305,0.9,120,90,steel,rock,2,430,60,90,140,50,50,40,3,No,Physical,No,Standoffish,Specialized Ball
Aggron,306,2.1,360,45,steel,rock,2,630,70,140,230,60,80,50,3,No,Physical,No,Standoffish,Ultra Ball
Meditite,307,0.6,11.2,180,fighting,psychic,2,280,30,40,55,40,55,60,3,No,Physical,Yes,Friendly,Standard Ball
Medicham,308,1.3,31.5,90,fighting,psychic,2,510,60,100,85,80,85,100,3,No,Physical,Yes,Friendly,Specialized Ball
Electrike,309,0.6,15.2,120,electric,,1,295,40,45,40,65,40,65,3,No,Natural,No,Friendly,Standard Ball
Manectric,310,1.5,40.2,45,electric,,1,575,70,75,80,135,80,135,3,No,Natural,No,Friendly,Ultra Ball
Plusle,311,0.4,4.2,200,electric,,1,405,60,50,40,85,75,95,3,No,Natural,No,Friendly,Standard Ball
Minun,312,0.4,4.2,200,electric,,1,405,60,40,50,75,85,95,3,No,Natural,No,Friendly,Standard Ball
Volbeat,313,0.7,17.7,150,bug,,1,430,65,73,75,47,85,85,3,No,Air,No,Friendly,Specialized Ball
Illumise,314,0.6,17.7,150,bug,,1,430,65,47,75,73,85,85,3,No,Air,No,Friendly,Specialized Ball
Roselia,315,0.3,2,150,grass,poison,2,400,50,60,45,100,80,65,3,No,Natural,No,Friendly,Standard Ball
Gulpin,316,0.4,10.3,225,poison,,1,302,70,43,53,43,53,40,3,No,Physical,No,Friendly,Standard Ball
Swalot,317,1.7,80,75,poison,,1,467,100,73,83,73,83,55,3,No,Physical,No,Friendly,Standard Ball
Carvanha,318,0.8,20.8,225,water,dark,2,305,45,90,20,65,20,65,3,No,Natural,Yes,Standoffish,Specialized Ball
Sharpedo,319,1.8,88.8,60,water,dark,2,560,70,140,70,110,65,105,3,No,Natural,Yes,Standoffish,Specialized Ball
Wailmer,320,2,130,125,water,,1,400,130,70,35,70,35,60,3,No,Natural,No,Friendly,Specialized Ball
Wailord,321,14.5,398,60,water,,1,500,170,90,45,90,45,60,3,No,Natural,No,Friendly,Specialized Ball
Numel,322,0.7,24,255,fire,ground,2,305,60,60,40,65,45,35,3,No,Natural,No,Friendly,Standard Ball
Camerupt,323,1.9,220,150,fire,ground,2,560,70,120,100,145,105,20,3,No,Natural,No,Friendly,Specialized Ball
Torkoal,324,0.5,80.4,90,fire,,1,470,70,85,140,85,70,20,3,No,Natural,No,Friendly,Standard Ball
Spoink,325,0.7,30.6,255,psychic,,1,330,60,25,35,70,80,60,3,No,Mystical,Yes,Friendly,Standard Ball
Grumpig,326,0.9,71.5,60,psychic,,1,470,80,45,65,90,110,80,3,No,Mystical,Yes,Friendly,Standard Ball
Spinda,327,1.1,5,255,normal,,1,360,60,60,60,60,60,60,3,No,Physical,No,Friendly,Standard Ball
Trapinch,328,0.7,15,255,ground,,1,290,45,100,45,45,45,10,3,No,Natural,No,Friendly,Standard Ball
Vibrava,329,1.1,15.3,120,ground,dragon,2,340,50,70,50,50,50,70,3,No,Natural,Yes,Friendly,Standard Ball
Flygon,330,2,82,45,ground,dragon,2,520,80,100,80,80,80,100,3,No,Natural,Yes,Friendly,Ultra Ball
Cacnea,331,0.4,51.3,190,grass,,1,335,50,85,40,85,40,35,3,No,Natural,No,Standoffish,Standard Ball
Cacturne,332,1.3,77.4,60,grass,dark,2,475,70,115,60,115,60,55,3,No,Natural,Yes,Standoffish,Standard Ball
Swablu,333,0.4,1.2,255,normal,flying,2,310,45,40,60,40,75,50,3,No,Physical,No,Friendly,Standard Ball
Altaria,334,1.1,20.6,45,dragon,flying,2,590,75,110,110,110,105,80,3,No,Mystical,Yes,Friendly,Ultra Ball
Zangoose,335,1.3,40.3,90,normal,,1,458,73,115,60,60,60,90,3,No,Physical,No,Friendly,Standard Ball
Seviper,336,2.7,52.5,90,poison,,1,458,73,100,60,100,60,65,3,No,Physical,No,Friendly,Standard Ball
Lunatone,337,1,168,45,rock,psychic,2,460,90,55,65,95,85,70,3,No,Natural,Yes,Friendly,Ultra Ball
Solrock,338,1.2,154,45,rock,psychic,2,460,90,95,85,55,65,70,3,No,Natural,Yes,Friendly,Ultra Ball
Barboach,339,0.4,1.9,190,water,ground,2,288,50,48,43,46,41,60,3,No,Natural,No,Friendly,Specialized Ball
Whiscash,340,0.9,23.6,75,water,ground,2,468,110,78,73,76,71,60,3,No,Natural,No,Friendly,Specialized Ball
Corphish,341,0.6,11.5,205,water,,1,308,43,80,65,50,35,35,3,No,Natural,No,Friendly,Specialized Ball
Crawdaunt,342,1.1,32.8,155,water,dark,2,468,63,120,85,90,55,55,3,No,Natural,Yes,Friendly,Specialized Ball
Baltoy,343,0.5,21.5,255,ground,psychic,2,300,40,40,55,40,70,55,3,No,Natural,Yes,Friendly,Standard Ball
Claydol,344,1.5,108,90,ground,psychic,2,500,60,70,105,70,120,75,3,No,Natural,Yes,Friendly,Specialized Ball
Lileep,345,1,23.8,45,rock,grass,2,355,66,41,77,61,87,23,3,No,Natural,No,Friendly,Ultra Ball
Cradily,346,1.5,60.4,45,rock,grass,2,495,86,81,97,81,107,43,3,No,Natural,No,Friendly,Ultra Ball
Anorith,347,0.7,12.5,45,rock,bug,2,355,45,95,50,40,50,75,3,No,Natural,No,Friendly,Ultra Ball
Armaldo,348,1.5,68.2,45,rock,bug,2,495,75,125,100,70,80,45,3,No,Natural,No,Friendly,Ultra Ball
Feebas,349,0.6,7.4,255,water,,1,200,20,15,20,10,55,80,3,No,Natural,No,Friendly,Specialized Ball
Milotic,350,6.2,162,60,water,,1,540,95,60,79,100,125,81,3,No,Natural,No,Friendly,Specialized Ball
Castform,351,0.3,0.8,45,normal,,1,420,70,70,70,70,70,70,3,No,Physical,No,Friendly,Ultra Ball
Kecleon,352,1,22,200,normal,,1,440,60,90,70,60,120,40,3,No,Physical,No,Friendly,Standard Ball
Shuppet,353,0.6,2.3,225,ghost,,1,295,44,75,35,63,33,45,3,No,Mystical,Yes,Standoffish,Standard Ball
Banette,354,1.1,12.5,45,ghost,,1,555,64,165,75,93,83,75,3,No,Mystical,Yes,Standoffish,Ultra Ball
Duskull,355,0.8,15,190,ghost,,1,295,20,40,90,30,90,25,3,No,Mystical,Yes,Standoffish,Standard Ball
Dusclops,356,1.6,30.6,90,ghost,,1,455,40,70,130,60,130,25,3,No,Mystical,Yes,Standoffish,Standard Ball
Tropius,357,2,100,200,grass,flying,2,460,99,68,83,72,87,51,3,No,Natural,No,Friendly,Specialized Ball
Chimecho,358,0.6,1,45,psychic,,1,455,75,50,80,95,90,65,3,No,Mystical,Yes,Friendly,Ultra Ball
Absol,359,1.2,47,30,dark,,1,565,65,150,60,115,60,115,3,No,Mystical,Yes,Standoffish,Ultra Ball
Wynaut,360,0.6,14,125,psychic,,1,260,95,23,48,23,48,23,3,No,Mystical,Yes,Friendly,Standard Ball
Snorunt,361,0.7,16.8,190,ice,,1,300,50,50,50,50,50,50,3,No,Natural,No,Friendly,Standard Ball
Glalie,362,1.5,256.5,75,ice,,1,580,80,120,80,120,80,100,3,No,Natural,No,Friendly,Specialized Ball
Spheal,363,0.8,39.5,255,ice,water,2,290,70,40,50,55,50,25,3,No,Natural,No,Friendly,Standard Ball
Sealeo,364,1.1,87.6,120,ice,water,2,410,90,60,70,75,70,45,3,No,Natural,No,Friendly,Standard Ball
Walrein,365,1.4,150.6,45,ice,water,2,530,110,80,90,95,90,65,3,No,Natural,No,Friendly,Ultra Ball
Clamperl,366,0.4,52.5,255,water,,1,345,35,64,85,74,55,32,3,No,Natural,No,Friendly,Specialized Ball
Huntail,367,1.7,27,60,water,,1,485,55,104,105,94,75,52,3,No,Natural,No,Friendly,Specialized Ball
Gorebyss,368,1.8,22.6,60,water,,1,485,55,84,105,114,75,52,3,No,Natural,No,Friendly,Specialized Ball
Relicanth,369,1,23.4,25,water,rock,2,485,100,90,130,45,65,55,3,No,Natural,No,Friendly,Ultra Ball
Luvdisc,370,0.6,8.7,225,water,,1,330,43,30,55,40,65,97,3,No,Natural,No,Friendly,Specialized Ball
Bagon,371,0.6,42.1,45,dragon,,1,300,45,75,60,40,30,50,3,No,Mystical,Yes,Standoffish,Ultra Ball
Shelgon,372,1.1,110.5,45,dragon,,1,420,65,95,100,60,50,50,3,No,Mystical,Yes,Standoffish,Ultra Ball
Salamence,373,1.5,102.6,45,dragon,flying,2,700,95,145,130,120,90,120,3,No,Mystical,Yes,Standoffish,Ultra Ball
Beldum,374,0.6,95.2,3,steel,psychic,2,300,40,55,80,35,60,30,3,No,Physical,Yes,Standoffish,Ultra Ball
Metang,375,1.2,202.5,3,steel,psychic,2,420,60,75,100,55,80,50,3,No,Physical,Yes,Standoffish,Ultra Ball
Metagross,376,1.6,550,3,steel,psychic,2,700,80,145,150,105,110,110,3,No,Physical,Yes,Standoffish,Ultra Ball
Regirock,377,1.7,230,3,rock,,1,580,80,100,200,50,100,50,3,Yes,Natural,No,Standoffish,Ultra Ball
Regice,378,1.8,175,3,ice,,1,580,80,50,100,100,200,50,3,Yes,Natural,No,Standoffish,Ultra Ball
Registeel,379,1.9,205,3,steel,,1,580,80,75,150,75,150,50,3,Yes,Physical,No,Standoffish,Ultra Ball
Latias,380,1.4,40,3,dragon,psychic,2,700,80,100,120,140,150,110,3,Yes,Mystical,Yes,Friendly,Ultra Ball
Latios,381,2,60,3,dragon,psychic,2,700,80,130,100,160,120,110,3,Yes,Mystical,Yes,Friendly,Ultra Ball
Kyogre,382,4.5,352,3,water,,1,770,100,150,90,180,160,90,3,Yes,Natural,No,Standoffish,Ultra Ball
Groudon,383,3.5,950,3,ground,,1,770,100,180,160,150,90,90,3,Yes,Natural,No,Standoffish,Ultra Ball
Rayquaza,384,7,206.5,45,dragon,flying,2,780,105,180,100,180,100,115,3,Yes,Mystical,Yes,Standoffish,Ultra Ball
Jirachi,385,0.3,1.1,3,steel,psychic,2,600,100,100,100,100,100,100,3,Yes,Physical,Yes,Super Loyal,Ultra Ball
Deoxys,386,1.7,60.8,3,psychic,,1,600,50,95,90,95,90,180,3,Yes,Mystical,Yes,Standoffish,Ultra Ball
Turtwig,387,0.4,10.2,45,grass,,1,318,55,68,64,45,55,31,4,No,Natural,No,Friendly,Ultra Ball
Grotle,388,1.1,97,45,grass,,1,405,75,89,85,55,65,36,4,No,Natural,No,Friendly,Ultra Ball
Torterra,389,2.2,310,45,grass,ground,2,525,95,109,105,75,85,56,4,No,Natural,No,Friendly,Ultra Ball
Chimchar,390,0.5,6.2,45,fire,,1,309,44,58,44,58,44,61,4,No,Natural,No,Friendly,Ultra Ball
Monferno,391,0.9,22,45,fire,fighting,2,405,64,78,52,78,52,81,4,No,Natural,No,Friendly,Ultra Ball
Infernape,392,1.2,55,45,fire,fighting,2,534,76,104,71,104,71,108,4,No,Natural,No,Friendly,Ultra Ball
Piplup,393,0.4,5.2,45,water,,1,314,53,51,53,61,56,40,4,No,Natural,No,Friendly,Ultra Ball
Prinplup,394,0.8,23,45,water,,1,405,64,66,68,81,76,50,4,No,Natural,No,Friendly,Ultra Ball
Empoleon,395,1.7,84.5,45,water,steel,2,530,84,86,88,111,101,60,4,No,Natural,No,Friendly,Ultra Ball
Starly,396,0.3,2,255,normal,flying,2,245,40,55,30,30,30,60,4,No,Physical,No,Friendly,Standard Ball
Staravia,397,0.6,15.5,120,normal,flying,2,340,55,75,50,40,40,80,4,No,Physical,No,Friendly,Standard Ball
Staraptor,398,1.2,24.9,45,normal,flying,2,485,85,120,70,50,60,100,4,No,Physical,No,Friendly,Ultra Ball
Bidoof,399,0.5,20,255,normal,,1,250,59,45,40,35,40,31,4,No,Physical,No,Friendly,Standard Ball
Bibarel,400,1,31.5,127,normal,water,2,410,79,85,60,55,60,71,4,No,Physical,No,Friendly,Standard Ball
Kricketot,401,0.3,2.2,255,bug,,1,194,37,25,41,25,41,25,4,No,Air,No,Friendly,Specialized Ball
Kricketune,402,1,25.5,45,bug,,1,384,77,85,51,55,51,65,4,No,Air,No,Friendly,Ultra Ball
Shinx,403,0.5,9.5,235,electric,,1,263,45,65,34,40,34,45,4,No,Natural,No,Friendly,Standard Ball
Luxio,404,0.9,30.5,120,electric,,1,363,60,85,49,60,49,60,4,No,Natural,No,Super Loyal,Standard Ball
Luxray,405,1.4,42,45,electric,,1,523,80,120,79,95,79,70,4,No,Natural,No,Friendly,Ultra Ball
Budew,406,0.2,1.2,255,grass,poison,2,280,40,30,35,50,70,55,4,No,Natural,No,Friendly,Standard Ball
Roserade,407,0.9,14.5,75,grass,poison,2,515,60,70,65,125,105,90,4,No,Natural,No,Friendly,Standard Ball
Cranidos,408,0.9,31.5,45,rock,,1,350,67,125,40,30,30,58,4,No,Natural,No,Friendly,Ultra Ball
Rampardos,409,1.6,102.5,45,rock,,1,495,97,165,60,65,50,58,4,No,Natural,No,Friendly,Ultra Ball
Shieldon,410,0.5,57,45,rock,steel,2,350,30,42,118,42,88,30,4,No,Natural,No,Friendly,Ultra Ball
Bastiodon,411,1.3,149.5,45,rock,steel,2,495,60,52,168,47,138,30,4,No,Natural,No,Friendly,Ultra Ball
Burmy,412,0.2,3.4,120,bug,,1,224,40,29,45,29,45,36,4,No,Air,No,Friendly,Specialized Ball
Wormadam,413,0.5,6.5,45,bug,grass,2,424,60,69,95,69,95,36,4,No,Air,No,Friendly,Ultra Ball
Mothim,414,0.9,23.3,45,bug,flying,2,424,70,94,50,94,50,66,4,No,Air,No,Friendly,Ultra Ball
Combee,415,0.3,5.5,120,bug,flying,2,244,30,30,42,30,42,70,4,No,Air,No,Friendly,Specialized Ball
Vespiquen,416,1.2,38.5,45,bug,flying,2,474,70,80,102,80,102,40,4,No,Air,No,Friendly,Ultra Ball
Pachirisu,417,0.4,3.9,200,electric,,1,405,60,45,70,45,90,95,4,No,Natural,No,Super Loyal,Standard Ball
Buizel,418,0.7,29.5,190,water,,1,330,55,65,35,60,30,85,4,No,Natural,No,Friendly,Specialized Ball
Floatzel,419,1.1,33.5,75,water,,1,495,85,105,55,85,50,115,4,No,Natural,No,Friendly,Specialized Ball
Cherubi,420,0.4,3.3,190,grass,,1,275,45,35,45,62,53,35,4,No,Natural,No,Friendly,Standard Ball
Cherrim,421,0.5,9.3,75,grass,,1,450,70,60,70,87,78,85,4,No,Natural,No,Friendly,Standard Ball
Shellos,422,0.3,6.3,190,water,,1,325,76,48,48,57,62,34,4,No,Natural,No,Friendly,Specialized Ball
Gastrodon,423,0.9,29.9,75,water,ground,2,475,111,83,68,92,82,39,4,No,Natural,No,Friendly,Specialized Ball
Ambipom,424,1.2,20.3,45,normal,,1,482,75,100,66,60,66,115,4,No,Physical,No,Super Loyal,Ultra Ball
Drifloon,425,0.4,1.2,125,ghost,flying,2,348,90,50,34,60,44,70,4,No,Mystical,Yes,Friendly,Standard Ball
Drifblim,426,1.2,15,60,ghost,flying,2,498,150,80,44,90,54,80,4,No,Mystical,Yes,Friendly,Standard Ball
Buneary,427,0.4,5.5,190,normal,,1,350,55,66,44,44,56,85,4,No,Physical,No,Standoffish,Standard Ball
Lopunny,428,1.2,33.3,60,normal,,1,580,65,136,94,54,96,135,4,No,Physical,No,Super Loyal,Specialized Ball
Mismagius,429,0.9,4.4,45,ghost,,1,495,60,60,60,105,105,105,4,No,Mystical,Yes,Standoffish,Ultra Ball
Honchkrow,430,0.9,27.3,30,dark,flying,2,505,100,125,52,105,52,71,4,No,Mystical,Yes,Standoffish,Ultra Ball
Glameow,431,0.5,3.9,190,normal,,1,310,49,55,42,42,37,85,4,No,Physical,No,Friendly,Standard Ball
Purugly,432,1,43.8,75,normal,,1,452,71,82,64,64,59,112,4,No,Physical,No,Friendly,Specialized Ball
Chingling,433,0.2,0.6,120,psychic,,1,285,45,30,50,65,50,45,4,No,Mystical,Yes,Friendly,Standard Ball
Stunky,434,0.4,19.2,225,poison,dark,2,329,63,63,47,41,41,74,4,No,Physical,Yes,Friendly,Standard Ball
Skuntank,435,1,38,60,poison,dark,2,479,103,93,67,71,61,84,4,No,Physical,Yes,Friendly,Standard Ball
Bronzor,436,0.5,60.5,255,steel,psychic,2,300,57,24,86,24,86,23,4,No,Physical,Yes,Friendly,Standard Ball
Bronzong,437,1.3,187,90,steel,psychic,2,500,67,89,116,79,116,33,4,No,Physical,Yes,Friendly,Specialized Ball
Bonsly,438,0.5,15,255,rock,,1,290,50,80,95,10,45,10,4,No,Natural,No,Friendly,Standard Ball
Mime Jr.,439,0.6,13,145,psychic,fairy,2,310,20,25,45,70,90,60,4,No,Mystical,Yes,Friendly,Standard Ball
Happiny,440,0.6,24.4,130,normal,,1,220,100,5,5,15,65,30,4,No,Physical,No,Super Loyal,Standard Ball
Chatot,441,0.5,1.9,30,normal,flying,2,411,76,65,45,92,42,91,4,No,Physical,No,Standoffish,Ultra Ball
Spiritomb,442,1,108,100,ghost,dark,2,485,50,92,108,92,108,35,4,No,Mystical,Yes,Friendly,Specialized Ball
Gible,443,0.7,20.5,45,dragon,ground,2,300,58,70,45,40,45,42,4,No,Mystical,Yes,Friendly,Ultra Ball
Gabite,444,1.4,56,45,dragon,ground,2,410,68,90,65,50,55,82,4,No,Mystical,Yes,Friendly,Ultra Ball
Garchomp,445,1.9,95,45,dragon,ground,2,700,108,170,115,120,95,92,4,No,Mystical,Yes,Friendly,Ultra Ball
Munchlax,446,0.6,105,50,normal,,1,390,135,85,40,40,85,5,4,No,Physical,No,Friendly,Specialized Ball
Riolu,447,0.7,20.2,75,fighting,,1,285,40,70,40,35,40,60,4,No,Physical,No,Friendly,Standard Ball
Lucario,448,1.2,54,45,fighting,steel,2,625,70,145,88,140,70,112,4,No,Physical,No,Friendly,Ultra Ball
Hippopotas,449,0.8,49.5,140,ground,,1,330,68,72,78,38,42,32,4,No,Natural,No,Friendly,Standard Ball
Hippowdon,450,2,300,60,ground,,1,525,108,112,118,68,72,47,4,No,Natural,No,Friendly,Specialized Ball
Skorupi,451,0.8,12,120,poison,bug,2,330,40,50,90,30,55,65,4,No,Physical,No,Friendly,Standard Ball
Drapion,452,1.3,61.5,45,poison,dark,2,500,70,90,110,60,75,95,4,No,Physical,Yes,Friendly,Ultra Ball
Croagunk,453,0.7,23,140,poison,fighting,2,300,48,61,40,61,40,50,4,No,Physical,No,Super Loyal,Standard Ball
Toxicroak,454,1.3,44.4,75,poison,fighting,2,490,83,106,65,86,65,85,4,No,Physical,No,Friendly,Standard Ball
Carnivine,455,1.4,27,200,grass,,1,454,74,100,72,90,72,46,4,No,Natural,No,Friendly,Standard Ball
Finneon,456,0.4,7,190,water,,1,330,49,49,56,49,61,66,4,No,Natural,No,Friendly,Specialized Ball
Lumineon,457,1.2,24,75,water,,1,460,69,69,76,69,86,91,4,No,Natural,No,Friendly,Specialized Ball
Mantyke,458,1,65,25,water,flying,2,345,45,20,50,60,120,50,4,No,Natural,No,Friendly,Ultra Ball
Snover,459,1,50.5,120,grass,ice,2,334,60,62,50,62,60,40,4,No,Natural,No,Friendly,Standard Ball
Abomasnow,460,2.2,135.5,60,grass,ice,2,594,90,132,105,132,105,30,4,No,Natural,No,Friendly,Specialized Ball
Weavile,461,1.1,34,45,dark,ice,2,510,70,120,65,45,85,125,4,No,Mystical,Yes,Standoffish,Ultra Ball
Magnezone,462,1.2,180,30,electric,steel,2,535,70,70,115,130,90,60,4,No,Natural,No,Friendly,Ultra Ball
Lickilicky,463,1.7,140,30,normal,,1,515,110,85,95,80,95,50,4,No,Physical,No,Friendly,Ultra Ball
Rhyperior,464,2.4,282.8,30,ground,rock,2,535,115,140,130,55,55,40,4,No,Natural,No,Friendly,Ultra Ball
Tangrowth,465,2,128.6,30,grass,,1,535,100,100,125,110,50,50,4,No,Natural,No,Friendly,Ultra Ball
Electivire,466,1.8,138.6,30,electric,,1,540,75,123,67,95,85,95,4,No,Natural,No,Friendly,Ultra Ball
Magmortar,467,1.6,68,30,fire,,1,540,75,95,67,125,95,83,4,No,Natural,No,Friendly,Ultra Ball
Togekiss,468,1.5,38,30,fairy,flying,2,545,85,50,95,120,115,80,4,No,Mystical,Yes,Friendly,Ultra Ball
Yanmega,469,1.9,51.5,30,bug,flying,2,515,86,76,86,116,56,95,4,No,Air,No,Friendly,Ultra Ball
Leafeon,470,1,25.5,45,grass,,1,525,65,110,130,60,65,95,4,No,Natural,No,Standoffish,Ultra Ball
Glaceon,471,0.8,25.9,45,ice,,1,525,65,60,110,130,95,65,4,No,Natural,No,Standoffish,Ultra Ball
Gliscor,472,2,42.5,30,ground,flying,2,510,75,95,125,45,75,95,4,No,Natural,No,Friendly,Ultra Ball
Mamoswine,473,2.5,291,50,ice,ground,2,530,110,130,80,70,60,80,4,No,Natural,No,Friendly,Specialized Ball
Porygon-Z,474,0.9,34,30,normal,,1,535,85,80,70,135,75,90,4,No,Physical,No,Friendly,Ultra Ball
Gallade,475,1.6,52,45,psychic,fighting,2,618,68,165,95,65,115,110,4,No,Mystical,Yes,Standoffish,Ultra Ball
Probopass,476,1.4,340,60,rock,steel,2,525,60,55,145,75,150,40,4,No,Natural,No,Friendly,Specialized Ball
Dusknoir,477,2.2,106.6,45,ghost,,1,525,45,100,135,65,135,45,4,No,Mystical,Yes,Standoffish,Ultra Ball
Froslass,478,1.3,26.6,75,ice,ghost,2,480,70,80,70,80,70,110,4,No,Natural,Yes,Friendly,Specialized Ball
Rotom,479,0.3,0.3,45,electric,ghost,2,520,50,65,107,105,107,86,4,No,Natural,Yes,Friendly,Ultra Ball
Uxie,480,0.3,0.3,3,psychic,,1,580,75,75,130,75,130,95,4,Yes,Mystical,Yes,Super Loyal,Ultra Ball
Mesprit,481,0.3,0.3,3,psychic,,1,580,80,105,105,105,105,80,4,Yes,Mystical,Yes,Super Loyal,Ultra Ball
Azelf,482,0.3,0.3,3,psychic,,1,580,75,125,70,125,70,115,4,Yes,Mystical,Yes,Super Loyal,Ultra Ball
Dialga,483,5.4,683,3,steel,dragon,2,680,100,120,120,150,100,90,4,Yes,Physical,Yes,Standoffish,Ultra Ball
Palkia,484,4.2,336,3,water,dragon,2,680,90,120,100,150,120,100,4,Yes,Natural,Yes,Standoffish,Ultra Ball
Heatran,485,1.7,430,3,fire,steel,2,600,91,90,106,130,106,77,4,Yes,Natural,No,Super Loyal,Ultra Ball
Regigigas,486,3.7,420,3,normal,,1,670,110,160,110,80,110,100,4,Yes,Physical,No,Standoffish,Ultra Ball
Giratina,487,4.5,750,3,ghost,dragon,2,680,150,120,100,120,100,90,4,Yes,Mystical,Yes,Standoffish,Ultra Ball
Cresselia,488,1.5,85.6,3,psychic,,1,600,120,70,120,75,130,85,4,Yes,Mystical,Yes,Super Loyal,Ultra Ball
Phione,489,0.4,3.1,30,water,,1,480,80,80,80,80,80,80,4,No,Natural,No,Friendly,Ultra Ball
Manaphy,490,0.3,1.4,3,water,,1,600,100,100,100,100,100,100,4,Yes,Natural,No,Friendly,Ultra Ball
Darkrai,491,1.5,50.5,3,dark,,1,600,70,90,90,135,90,125,4,Yes,Mystical,Yes,Standoffish,Ultra Ball
Shaymin,492,0.2,2.1,45,grass,grass,2,600,100,103,75,120,75,127,4,Yes,Natural,No,Super Loyal,Ultra Ball
Arceus,493,3.2,320,3,normal,,1,720,120,120,120,120,120,120,4,Yes,Physical,No,Standoffish,Ultra Ball
Victini,494,0.4,4,3,psychic,fire,2,600,100,100,100,100,100,100,5,Yes,Mystical,Yes,Super Loyal,Ultra Ball
Snivy,495,0.6,8.1,45,grass,,1,308,45,45,55,45,55,63,5,No,Natural,No,Friendly,Ultra Ball
Servine,496,0.8,16,45,grass,,1,413,60,60,75,60,75,83,5,No,Natural,No,Friendly,Ultra Ball
Serperior,497,3.3,63,45,grass,,1,528,75,75,95,75,95,113,5,No,Natural,No,Friendly,Ultra Ball
Tepig,498,0.5,9.9,45,fire,,1,308,65,63,45,45,45,45,5,No,Natural,No,Friendly,Ultra Ball
Pignite,499,1,55.5,45,fire,fighting,2,418,90,93,55,70,55,55,5,No,Natural,No,Friendly,Ultra Ball
Emboar,500,1.6,150,45,fire,fighting,2,528,110,123,65,100,65,65,5,No,Natural,No,Friendly,Ultra Ball
Oshawott,501,0.5,5.9,45,water,,1,308,55,55,45,63,45,45,5,No,Natural,No,Friendly,Ultra Ball
Dewott,502,0.8,24.5,45,water,,1,413,75,75,60,83,60,60,5,No,Natural,No,Friendly,Ultra Ball
Samurott,503,1.5,94.6,45,water,,1,528,95,100,85,108,70,70,5,No,Natural,No,Friendly,Ultra Ball
Patrat,504,0.5,11.6,255,normal,,1,255,45,55,39,35,39,42,5,No,Physical,No,Friendly,Standard Ball
Watchog,505,1.1,27,255,normal,,1,420,60,85,69,60,69,77,5,No,Physical,No,Friendly,Standard Ball
Lillipup,506,0.4,4.1,255,normal,,1,275,45,60,45,25,45,55,5,No,Physical,No,Friendly,Standard Ball
Herdier,507,0.9,14.7,120,normal,,1,370,65,80,65,35,65,60,5,No,Physical,No,Friendly,Standard Ball
Stoutland,508,1.2,61,45,normal,,1,500,85,110,90,45,90,80,5,No,Physical,No,Friendly,Ultra Ball
Purrloin,509,0.4,10.1,255,dark,,1,281,41,50,37,50,37,66,5,No,Mystical,Yes,Friendly,Standard Ball
Liepard,510,1.1,37.5,90,dark,,1,446,64,88,50,88,50,106,5,No,Mystical,Yes,Friendly,Specialized Ball
Pansage,511,0.6,10.5,190,grass,,1,316,50,53,48,53,48,64,5,No,Natural,No,Friendly,Standard Ball
Simisage,512,1.1,30.5,75,grass,,1,498,75,98,63,98,63,101,5,No,Natural,No,Friendly,Specialized Ball
Pansear,513,0.6,11,190,fire,,1,316,50,53,48,53,48,64,5,No,Natural,No,Friendly,Standard Ball
Simisear,514,1,28,75,fire,,1,498,75,98,63,98,63,101,5,No,Natural,No,Friendly,Specialized Ball
Panpour,515,0.6,13.5,190,water,,1,316,50,53,48,53,48,64,5,No,Natural,No,Friendly,Specialized Ball
Simipour,516,1,29,75,water,,1,498,75,98,63,98,63,101,5,No,Natural,No,Friendly,Specialized Ball
Munna,517,0.6,23.3,190,psychic,,1,292,76,25,45,67,55,24,5,No,Mystical,Yes,Friendly,Standard Ball
Musharna,518,1.1,60.5,75,psychic,,1,487,116,55,85,107,95,29,5,No,Mystical,Yes,Friendly,Standard Ball
Pidove,519,0.3,2.1,255,normal,flying,2,264,50,55,50,36,30,43,5,No,Physical,No,Friendly,Standard Ball
Tranquill,520,0.6,15,120,normal,flying,2,358,62,77,62,50,42,65,5,No,Physical,No,Friendly,Standard Ball
Unfezant,521,1.2,29,45,normal,flying,2,488,80,115,80,65,55,93,5,No,Physical,No,Friendly,Ultra Ball
Blitzle,522,0.8,29.8,190,electric,,1,295,45,60,32,50,32,76,5,No,Natural,No,Friendly,Standard Ball
Zebstrika,523,1.6,79.5,75,electric,,1,497,75,100,63,80,63,116,5,No,Natural,No,Friendly,Specialized Ball
Roggenrola,524,0.4,18,255,rock,,1,280,55,75,85,25,25,15,5,No,Natural,No,Friendly,Standard Ball
Boldore,525,0.9,102,120,rock,,1,390,70,105,105,50,40,20,5,No,Natural,No,Friendly,Specialized Ball
Gigalith,526,1.7,260,45,rock,,1,515,85,135,130,60,80,25,5,No,Natural,No,Friendly,Ultra Ball
Woobat,527,0.4,2.1,190,psychic,flying,2,323,65,45,43,55,43,72,5,No,Mystical,Yes,Friendly,Standard Ball
Swoobat,528,0.9,10.5,45,psychic,flying,2,425,67,57,55,77,55,114,5,No,Mystical,Yes,Friendly,Ultra Ball
Drilbur,529,0.3,8.5,120,ground,,1,328,60,85,40,30,45,68,5,No,Natural,No,Friendly,Standard Ball
Excadrill,530,0.7,40.4,60,ground,steel,2,508,110,135,60,50,65,88,5,No,Natural,No,Friendly,Standard Ball
Audino,531,1.1,31,255,normal,,1,545,103,60,126,80,126,50,5,No,Physical,No,Friendly,Standard Ball
Timburr,532,0.6,12.5,180,fighting,,1,305,75,80,55,25,35,35,5,No,Physical,No,Friendly,Standard Ball
Gurdurr,533,1.2,40,90,fighting,,1,405,85,105,85,40,50,40,5,No,Physical,No,Friendly,Standard Ball
Conkeldurr,534,1.4,87,45,fighting,,1,505,105,140,95,55,65,45,5,No,Physical,No,Friendly,Ultra Ball
Tympole,535,0.5,4.5,255,water,,1,294,50,50,40,50,40,64,5,No,Natural,No,Friendly,Specialized Ball
Palpitoad,536,0.8,17,120,water,ground,2,384,75,65,55,65,55,69,5,No,Natural,No,Friendly,Specialized Ball
Seismitoad,537,1.5,62,45,water,ground,2,509,105,95,75,85,75,74,5,No,Natural,No,Friendly,Ultra Ball
Throh,538,1.3,55.5,45,fighting,,1,465,120,100,85,30,85,45,5,No,Physical,No,Friendly,Ultra Ball
Sawk,539,1.4,51,45,fighting,,1,465,75,125,75,30,75,85,5,No,Physical,No,Friendly,Ultra Ball
Sewaddle,540,0.3,2.5,255,bug,grass,2,310,45,53,70,40,60,42,5,No,Air,No,Friendly,Specialized Ball
Swadloon,541,0.5,7.3,120,bug,grass,2,380,55,63,90,50,80,42,5,No,Air,No,Friendly,Specialized Ball
Leavanny,542,1.2,20.5,45,bug,grass,2,500,75,103,80,70,80,92,5,No,Air,No,Friendly,Ultra Ball
Venipede,543,0.4,5.3,255,bug,poison,2,260,30,45,59,30,39,57,5,No,Air,No,Friendly,Specialized Ball
Whirlipede,544,1.2,58.5,120,bug,poison,2,360,40,55,99,40,79,47,5,No,Air,No,Friendly,Specialized Ball
Scolipede,545,2.5,200.5,45,bug,poison,2,485,60,100,89,55,69,112,5,No,Air,No,Friendly,Ultra Ball
Cottonee,546,0.3,0.6,190,grass,fairy,2,280,40,27,60,37,50,66,5,No,Natural,Yes,Friendly,Standard Ball
Whimsicott,547,0.7,6.6,75,grass,fairy,2,480,60,67,85,77,75,116,5,No,Natural,Yes,Friendly,Specialized Ball
Petilil,548,0.5,6.6,190,grass,,1,280,45,35,50,70,50,30,5,No,Natural,No,Friendly,Standard Ball
Lilligant,549,1.1,16.3,75,grass,,1,480,70,60,75,110,75,90,5,No,Natural,No,Friendly,Standard Ball
Basculin,550,1,18,25,water,,1,460,70,92,65,80,55,98,5,No,Natural,No,Friendly,Ultra Ball
Sandile,551,0.7,15.2,180,ground,dark,2,292,50,72,35,35,35,65,5,No,Natural,Yes,Friendly,Standard Ball
Krokorok,552,1,33.4,90,ground,dark,2,351,60,82,45,45,45,74,5,No,Natural,Yes,Friendly,Standard Ball
Krookodile,553,1.5,96.3,45,ground,dark,2,519,95,117,80,65,70,92,5,No,Natural,Yes,Friendly,Ultra Ball
Darumaka,554,0.6,37.5,120,fire,,1,315,70,90,45,15,45,50,5,No,Natural,No,Friendly,Standard Ball
Darmanitan,555,1.3,92.9,60,fire,fire,2,540,105,30,105,140,105,55,5,No,Natural,No,Friendly,Standard Ball
Maractus,556,1,28,255,grass,,1,461,75,86,67,106,67,60,5,No,Natural,No,Friendly,Standard Ball
Dwebble,557,0.3,14.5,190,bug,rock,2,325,50,65,85,35,35,55,5,No,Air,No,Friendly,Specialized Ball
Crustle,558,1.4,200,75,bug,rock,2,485,70,105,125,65,75,45,5,No,Air,No,Friendly,Specialized Ball
Scraggy,559,0.6,11.8,180,dark,fighting,2,348,50,75,70,35,70,48,5,No,Mystical,Yes,Standoffish,Standard Ball
Scrafty,560,1.1,30,90,dark,fighting,2,488,65,90,115,45,115,58,5,No,Mystical,Yes,Friendly,Standard Ball
Sigilyph,561,1.4,14,45,psychic,flying,2,490,72,58,80,103,80,97,5,No,Mystical,Yes,Friendly,Ultra Ball
Yamask,562,0.5,1.5,190,ghost,,1,303,38,30,85,55,65,30,5,No,Mystical,Yes,Friendly,Standard Ball
Cofagrigus,563,1.7,76.5,90,ghost,,1,483,58,50,145,95,105,30,5,No,Mystical,Yes,Friendly,Standard Ball
Tirtouga,564,0.7,16.5,45,water,rock,2,355,54,78,103,53,45,22,5,No,Natural,No,Friendly,Ultra Ball
Carracosta,565,1.2,81,45,water,rock,2,495,74,108,133,83,65,32,5,No,Natural,No,Friendly,Ultra Ball
Archen,566,0.5,9.5,45,rock,flying,2,401,55,112,45,74,45,70,5,No,Natural,No,Friendly,Ultra Ball
Archeops,567,1.4,32,45,rock,flying,2,567,75,140,65,112,65,110,5,No,Natural,No,Friendly,Ultra Ball
Trubbish,568,0.6,31,190,poison,,1,329,50,50,62,40,62,65,5,No,Physical,No,Friendly,Standard Ball
Garbodor,569,1.9,107.3,60,poison,,1,474,80,95,82,60,82,75,5,No,Physical,No,Friendly,Specialized Ball
Zorua,570,0.7,12.5,75,dark,,1,330,40,65,40,80,40,65,5,No,Mystical,Yes,Friendly,Standard Ball
Zoroark,571,1.6,81.1,45,dark,,1,510,60,105,60,120,60,105,5,No,Mystical,Yes,Friendly,Ultra Ball
Minccino,572,0.4,5.8,255,normal,,1,300,55,50,40,40,40,75,5,No,Physical,No,Friendly,Standard Ball
Cinccino,573,0.5,7.5,60,normal,,1,470,75,95,60,65,60,115,5,No,Physical,No,Friendly,Specialized Ball
Gothita,574,0.4,5.8,200,psychic,,1,290,45,30,50,55,65,45,5,No,Mystical,Yes,Friendly,Standard Ball
Gothorita,575,0.7,18,100,psychic,,1,390,60,45,70,75,85,55,5,No,Mystical,Yes,Friendly,Standard Ball
Gothitelle,576,1.5,44,50,psychic,,1,490,70,55,95,95,110,65,5,No,Mystical,Yes,Friendly,Standard Ball
Solosis,577,0.3,1,200,psychic,,1,290,45,30,40,105,50,20,5,No,Mystical,Yes,Friendly,Standard Ball
Duosion,578,0.6,8,100,psychic,,1,370,65,40,50,125,60,30,5,No,Mystical,Yes,Friendly,Standard Ball
Reuniclus,579,1,20.1,50,psychic,,1,490,110,65,75,125,85,30,5,No,Mystical,Yes,Friendly,Standard Ball
Ducklett,580,0.5,5.5,190,water,flying,2,305,62,44,50,44,50,55,5,No,Natural,No,Friendly,Specialized Ball
Swanna,581,1.3,24.2,45,water,flying,2,473,75,87,63,87,63,98,5,No,Natural,No,Friendly,Ultra Ball
Vanillite,582,0.4,5.7,255,ice,,1,305,36,50,50,65,60,44,5,No,Natural,No,Friendly,Standard Ball
Vanillish,583,1.1,41,120,ice,,1,395,51,65,65,80,75,59,5,No,Natural,No,Friendly,Standard Ball
Vanilluxe,584,1.3,57.5,45,ice,,1,535,71,95,85,110,95,79,5,No,Natural,No,Friendly,Ultra Ball
Deerling,585,0.6,19.5,190,normal,grass,2,335,60,60,50,40,50,75,5,No,Physical,No,Friendly,Standard Ball
Sawsbuck,586,1.9,92.5,75,normal,grass,2,475,80,100,70,60,70,95,5,No,Physical,No,Friendly,Standard Ball
Emolga,587,0.4,5,200,electric,flying,2,428,55,75,60,75,60,103,5,No,Natural,No,Friendly,Specialized Ball
Karrablast,588,0.5,5.9,200,bug,,1,315,50,75,45,40,45,60,5,No,Air,No,Friendly,Specialized Ball
Escavalier,589,1,33,75,bug,steel,2,495,70,135,105,60,105,20,5,No,Air,No,Friendly,Specialized Ball
Foongus,590,0.2,1,190,grass,poison,2,294,69,55,45,55,55,15,5,No,Natural,No,Friendly,Standard Ball
Amoonguss,591,0.6,10.5,75,grass,poison,2,464,114,85,70,85,80,30,5,No,Natural,No,Friendly,Standard Ball
Frillish,592,1.2,33,190,water,ghost,2,335,55,40,50,65,85,40,5,No,Natural,Yes,Friendly,Specialized Ball
Jellicent,593,2.2,135,60,water,ghost,2,480,100,60,70,85,105,60,5,No,Natural,Yes,Friendly,Specialized Ball
Alomomola,594,1.2,31.6,75,water,,1,470,165,75,80,40,45,65,5,No,Natural,No,Friendly,Specialized Ball
Joltik,595,0.1,0.6,190,bug,electric,2,319,50,47,50,57,50,65,5,No,Air,No,Friendly,Specialized Ball
Galvantula,596,0.8,14.3,75,bug,electric,2,472,70,77,60,97,60,108,5,No,Air,No,Friendly,Specialized Ball
Ferroseed,597,0.6,18.8,255,grass,steel,2,305,44,50,91,24,86,10,5,No,Natural,No,Friendly,Standard Ball
Ferrothorn,598,1,110,90,grass,steel,2,489,74,94,131,54,116,20,5,No,Natural,No,Friendly,Specialized Ball
Klink,599,0.3,21,130,steel,,1,300,40,55,70,45,60,30,5,No,Physical,No,Friendly,Standard Ball
Klang,600,0.6,51,60,steel,,1,440,60,80,95,70,85,50,5,No,Physical,No,Friendly,Standard Ball
Klinklang,601,0.6,81,30,steel,,1,520,60,100,115,70,85,90,5,No,Physical,No,Friendly,Ultra Ball
Tynamo,602,0.2,0.3,190,electric,,1,275,35,55,40,45,40,60,5,No,Natural,No,Friendly,Standard Ball
Eelektrik,603,1.2,22,60,electric,,1,405,65,85,70,75,70,40,5,No,Natural,No,Friendly,Standard Ball
Eelektross,604,2.1,80.5,30,electric,,1,515,85,115,80,105,80,50,5,No,Natural,No,Friendly,Ultra Ball
Elgyem,605,0.5,9,255,psychic,,1,335,55,55,55,85,55,30,5,No,Mystical,Yes,Friendly,Standard Ball
Beheeyem,606,1,34.5,90,psychic,,1,485,75,75,75,125,95,40,5,No,Mystical,Yes,Friendly,Standard Ball
Litwick,607,0.3,3.1,190,ghost,fire,2,275,50,30,55,65,55,20,5,No,Mystical,Yes,Friendly,Standard Ball
Lampent,608,0.6,13,90,ghost,fire,2,370,60,40,60,95,60,55,5,No,Mystical,Yes,Friendly,Standard Ball
Chandelure,609,1,34.3,45,ghost,fire,2,520,60,55,90,145,90,80,5,No,Mystical,Yes,Friendly,Ultra Ball
Axew,610,0.6,18,75,dragon,,1,320,46,87,60,30,40,57,5,No,Mystical,Yes,Standoffish,Standard Ball
Fraxure,611,1,36,60,dragon,,1,410,66,117,70,40,50,67,5,No,Mystical,Yes,Standoffish,Standard Ball
Haxorus,612,1.8,105.5,45,dragon,,1,540,76,147,90,60,70,97,5,No,Mystical,Yes,Standoffish,Ultra Ball
Cubchoo,613,0.5,8.5,120,ice,,1,305,55,70,40,60,40,40,5,No,Natural,No,Friendly,Standard Ball
Beartic,614,2.6,260,60,ice,,1,505,95,130,80,70,80,50,5,No,Natural,No,Friendly,Specialized Ball
Cryogonal,615,1.1,148,25,ice,,1,515,80,50,50,95,135,105,5,No,Natural,No,Friendly,Ultra Ball
Shelmet,616,0.4,7.7,200,bug,,1,305,50,40,85,40,65,25,5,No,Air,No,Friendly,Specialized Ball
Accelgor,617,0.8,25.3,75,bug,,1,495,80,70,40,100,60,145,5,No,Air,No,Friendly,Specialized Ball
Stunfisk,618,0.7,11,75,ground,electric,2,471,109,66,84,81,99,32,5,No,Natural,No,Friendly,Standard Ball
Mienfoo,619,0.9,20,180,fighting,,1,350,45,85,50,55,50,65,5,No,Physical,No,Friendly,Standard Ball
Mienshao,620,1.4,35.5,45,fighting,,1,510,65,125,60,95,60,105,5,No,Physical,No,Friendly,Ultra Ball
Druddigon,621,1.6,139,45,dragon,,1,485,77,120,90,60,90,48,5,No,Mystical,Yes,Friendly,Ultra Ball
Golett,622,1,92,190,ground,ghost,2,303,59,74,50,35,50,35,5,No,Natural,Yes,Friendly,Standard Ball
Golurk,623,2.8,330,90,ground,ghost,2,483,89,124,80,55,80,55,5,No,Natural,Yes,Friendly,Specialized Ball
Pawniard,624,0.5,10.2,120,dark,steel,2,340,45,85,70,40,40,60,5,No,Mystical,Yes,Standoffish,Standard Ball
Bisharp,625,1.6,70,45,dark,steel,2,490,65,125,100,60,70,70,5,No,Mystical,Yes,Standoffish,Ultra Ball
Bouffalant,626,1.6,94.6,45,normal,,1,490,95,110,95,40,95,55,5,No,Physical,No,Friendly,Ultra Ball
Rufflet,627,0.5,10.5,190,normal,flying,2,350,70,83,50,37,50,60,5,No,Physical,No,Friendly,Standard Ball
Braviary,628,1.5,41,60,normal,flying,2,510,100,123,75,57,75,80,5,No,Physical,No,Friendly,Standard Ball
Vullaby,629,0.5,9,190,dark,flying,2,370,70,55,75,45,65,60,5,No,Mystical,Yes,Standoffish,Standard Ball
Mandibuzz,630,1.2,39.5,60,dark,flying,2,510,110,65,105,55,95,80,5,No,Mystical,Yes,Standoffish,Standard Ball
Heatmor,631,1.4,58,90,fire,,1,484,85,97,66,105,66,65,5,No,Natural,No,Friendly,Standard Ball
Durant,632,0.3,33,90,bug,steel,2,484,58,109,112,48,48,109,5,No,Air,No,Friendly,Specialized Ball
Deino,633,0.8,17.3,45,dark,dragon,2,300,52,65,50,45,50,38,5,No,Mystical,Yes,Standoffish,Ultra Ball
Zweilous,634,1.4,50,45,dark,dragon,2,420,72,85,70,65,70,58,5,No,Mystical,Yes,Standoffish,Ultra Ball
Hydreigon,635,1.8,160,45,dark,dragon,2,600,92,105,90,125,90,98,5,No,Mystical,Yes,Standoffish,Ultra Ball
Larvesta,636,1.1,28.8,45,bug,fire,2,360,55,85,55,50,55,60,5,No,Air,No,Friendly,Ultra Ball
Volcarona,637,1.6,46,15,bug,fire,2,550,85,60,65,135,105,100,5,No,Air,No,Friendly,Ultra Ball
Cobalion,638,2.1,250,3,steel,fighting,2,580,91,90,129,90,72,108,5,Yes,Physical,No,Standoffish,Ultra Ball
Terrakion,639,1.9,260,3,rock,fighting,2,580,91,129,90,72,90,108,5,Yes,Natural,No,Standoffish,Ultra Ball
Virizion,640,2,200,3,grass,fighting,2,580,91,90,72,90,129,108,5,Yes,Natural,No,Standoffish,Ultra Ball
Tornadus,641,1.5,63,3,flying,,1,580,79,100,80,110,90,121,5,Yes,Air,No,Friendly,Ultra Ball
Thundurus,642,1.5,61,3,electric,flying,2,580,79,105,70,145,80,101,5,Yes,Natural,No,Friendly,Ultra Ball
Reshiram,643,3.2,330,3,dragon,fire,2,680,100,120,100,150,120,90,5,Yes,Mystical,Yes,Standoffish,Ultra Ball
Zekrom,644,2.9,345,3,dragon,electric,2,680,100,150,120,120,100,90,5,Yes,Mystical,Yes,Standoffish,Ultra Ball
Landorus,645,1.5,68,3,ground,flying,2,600,89,145,90,105,80,91,5,Yes,Natural,No,Friendly,Ultra Ball
Kyurem,646,3,325,3,dragon,ice,2,700,125,120,90,170,100,95,5,Yes,Mystical,Yes,Standoffish,Ultra Ball
Keldeo,647,1.4,48.5,3,water,fighting,2,580,91,72,90,129,90,108,5,Yes,Natural,No,Standoffish,Ultra Ball
Meloetta,648,0.6,6.5,3,normal,psychic,2,600,100,128,90,77,77,128,5,Yes,Physical,Yes,Super Loyal,Ultra Ball
Genesect,649,1.5,82.5,3,bug,steel,2,600,71,120,95,120,95,99,5,Yes,Air,No,Standoffish,Ultra Ball
Chespin,650,0.4,9,45,grass,,1,313,56,61,65,48,45,38,6,No,Natural,No,Friendly,Ultra Ball
Quilladin,651,0.7,29,45,grass,,1,405,61,78,95,56,58,57,6,No,Natural,No,Friendly,Ultra Ball
Chesnaught,652,1.6,90,45,grass,fighting,2,530,88,107,122,74,75,64,6,No,Natural,No,Friendly,Ultra Ball
Fennekin,653,0.4,9.4,45,fire,,1,307,40,45,40,62,60,60,6,No,Natural,No,Friendly,Ultra Ball
Braixen,654,1,14.5,45,fire,,1,409,59,59,58,90,70,73,6,No,Natural,No,Friendly,Ultra Ball
Delphox,655,1.5,39,45,fire,psychic,2,534,75,69,72,114,100,104,6,No,Natural,Yes,Friendly,Ultra Ball
Froakie,656,0.3,7,45,water,,1,314,41,56,40,62,44,71,6,No,Natural,No,Friendly,Ultra Ball
Frogadier,657,0.6,10.9,45,water,,1,405,54,63,52,83,56,97,6,No,Natural,No,Friendly,Ultra Ball
Greninja,658,1.5,40,45,water,dark,2,640,72,145,67,153,71,132,6,No,Natural,Yes,Friendly,Ultra Ball
Bunnelby,659,0.4,5,255,normal,,1,237,38,36,38,32,36,57,6,No,Physical,No,Friendly,Standard Ball
Diggersby,660,1,42.4,127,normal,ground,2,423,85,56,77,50,77,78,6,No,Physical,No,Friendly,Standard Ball
Fletchling,661,0.3,1.7,255,normal,flying,2,278,45,50,43,40,38,62,6,No,Physical,No,Friendly,Standard Ball
Fletchinder,662,0.7,16,120,fire,flying,2,382,62,73,55,56,52,84,6,No,Natural,No,Friendly,Standard Ball
Talonflame,663,1.2,24.5,45,fire,flying,2,499,78,81,71,74,69,126,6,No,Natural,No,Friendly,Ultra Ball
Scatterbug,664,0.3,2.5,255,bug,,1,200,38,35,40,27,25,35,6,No,Air,No,Friendly,Specialized Ball
Spewpa,665,0.3,8.4,120,bug,,1,213,45,22,60,27,30,29,6,No,Air,No,Friendly,Specialized Ball
Vivillon,666,1.2,17,45,bug,flying,2,411,80,52,50,90,50,89,6,No,Air,No,Friendly,Ultra Ball
Litleo,667,0.6,13.5,220,fire,normal,2,369,62,50,58,73,54,72,6,No,Natural,No,Friendly,Standard Ball
Pyroar,668,1.5,81.5,65,fire,normal,2,507,86,68,72,109,66,106,6,No,Natural,No,Friendly,Specialized Ball
Flabebe,669,0.1,0.1,225,fairy,,1,303,44,38,39,61,79,42,6,No,Mystical,Yes,,Standard Ball
Floette,670,0.2,0.9,120,fairy,,1,551,74,65,67,125,128,92,6,No,Mystical,Yes,Friendly,Standard Ball
Florges,671,1.1,10,45,fairy,,1,552,78,65,68,112,154,75,6,No,Mystical,Yes,Friendly,Ultra Ball
Skiddo,672,0.9,31,200,grass,,1,350,66,65,48,62,57,52,6,No,Natural,No,Friendly,Standard Ball
Gogoat,673,1.7,91,45,grass,,1,531,123,100,62,97,81,68,6,No,Natural,No,Friendly,Ultra Ball
Pancham,674,0.6,8,220,fighting,,1,348,67,82,62,46,48,43,6,No,Physical,No,Friendly,Standard Ball
Pangoro,675,2.1,136,65,fighting,dark,2,495,95,124,78,69,71,58,6,No,Physical,Yes,Friendly,Specialized Ball
Furfrou,676,1.2,28,160,normal,,1,472,75,80,60,65,90,102,6,No,Physical,No,Friendly,Specialized Ball
Espurr,677,0.3,3.5,190,psychic,,1,355,62,48,54,63,60,68,6,No,Mystical,Yes,Friendly,Standard Ball
Meowstic,678,0.6,8.5,75,psychic,,1,466,74,48,76,83,81,104,6,No,Mystical,Yes,Friendly,Specialized Ball
Honedge,679,0.8,2,180,steel,ghost,2,325,45,80,100,35,37,28,6,No,Physical,Yes,Friendly,Standard Ball
Doublade,680,0.8,4.5,90,steel,ghost,2,448,59,110,150,45,49,35,6,No,Physical,Yes,Friendly,Standard Ball
Aegislash,681,1.7,53,45,steel,ghost,2,520,60,150,50,150,50,60,6,No,Physical,Yes,Friendly,Ultra Ball
Spritzee,682,0.2,0.5,200,fairy,,1,341,78,52,60,63,65,23,6,No,Mystical,Yes,Friendly,Standard Ball
Aromatisse,683,0.8,15.5,140,fairy,,1,462,101,72,72,99,89,29,6,No,Mystical,Yes,Friendly,Standard Ball
Swirlix,684,0.4,3.5,200,fairy,,1,341,62,48,66,59,57,49,6,No,Mystical,Yes,Friendly,Standard Ball
Slurpuff,685,0.8,5,140,fairy,,1,480,82,80,86,85,75,72,6,No,Mystical,Yes,Friendly,Standard Ball
Inkay,686,0.4,3.5,190,dark,psychic,2,288,53,54,53,37,46,45,6,No,Mystical,Yes,Friendly,Standard Ball
Malamar,687,1.5,47,80,dark,psychic,2,482,86,92,88,68,75,73,6,No,Mystical,Yes,Friendly,Standard Ball
Binacle,688,0.5,31,120,rock,water,2,306,42,52,67,39,56,50,6,No,Natural,No,Friendly,Standard Ball
Barbaracle,689,1.3,96,45,rock,water,2,500,72,105,115,54,86,68,6,No,Natural,No,Friendly,Ultra Ball
Skrelp,690,0.5,7.3,225,poison,water,2,320,50,60,60,60,60,30,6,No,Physical,No,Friendly,Standard Ball
Dragalge,691,1.8,81.5,55,poison,dragon,2,494,65,75,90,97,123,44,6,No,Physical,Yes,Friendly,Standard Ball
Clauncher,692,0.5,8.3,225,water,,1,330,50,53,62,58,63,44,6,No,Natural,No,Friendly,Specialized Ball
Clawitzer,693,1.3,35.3,55,water,,1,500,71,73,88,120,89,59,6,No,Natural,No,Friendly,Specialized Ball
Helioptile,694,0.5,6,190,electric,normal,2,289,44,38,33,61,43,70,6,No,Natural,No,Friendly,Standard Ball
Heliolisk,695,1,21,75,electric,normal,2,481,62,55,52,109,94,109,6,No,Natural,No,Friendly,Specialized Ball
Tyrunt,696,0.8,26,45,rock,dragon,2,362,58,89,77,45,45,48,6,No,Natural,Yes,Friendly,Ultra Ball
Tyrantrum,697,2.5,270,45,rock,dragon,2,521,82,121,119,69,59,71,6,No,Natural,Yes,Friendly,Ultra Ball
Amaura,698,1.3,25.2,45,rock,ice,2,362,77,59,50,67,63,46,6,No,Natural,No,Friendly,Ultra Ball
Aurorus,699,2.7,225,45,rock,ice,2,521,123,77,72,99,92,58,6,No,Natural,No,Friendly,Ultra Ball
Sylveon,700,1,23.5,45,fairy,,1,525,95,65,65,110,130,60,6,No,Mystical,Yes,Friendly,Ultra Ball
Hawlucha,701,0.8,21.5,100,fighting,flying,2,500,78,92,75,74,63,118,6,No,Physical,No,Friendly,Specialized Ball
Dedenne,702,0.2,2.2,180,electric,fairy,2,431,67,58,57,81,67,101,6,No,Natural,Yes,Friendly,Specialized Ball
Carbink,703,0.3,5.7,60,rock,fairy,2,500,50,50,150,50,150,50,6,No,Natural,Yes,Friendly,Standard Ball
Goomy,704,0.3,2.8,45,dragon,,1,300,45,50,35,55,75,40,6,No,Mystical,Yes,Standoffish,Ultra Ball
Sliggoo,705,0.8,17.5,45,dragon,,1,452,68,75,53,83,113,60,6,No,Mystical,Yes,Standoffish,Ultra Ball
Goodra,706,2,150.5,45,dragon,,1,600,90,100,70,110,150,80,6,No,Mystical,Yes,Standoffish,Ultra Ball
Klefki,707,0.2,3,75,steel,fairy,2,470,57,80,91,80,87,75,6,No,Physical,Yes,Friendly,Standard Ball
Phantump,708,0.4,7,120,ghost,grass,2,309,43,70,48,50,60,38,6,No,Mystical,Yes,Friendly,Standard Ball
Trevenant,709,1.5,71,60,ghost,grass,2,474,85,110,76,65,82,56,6,No,Mystical,Yes,Friendly,Standard Ball
Pumpkaboo,710,0.8,15,120,ghost,grass,2,335,59,66,70,44,55,41,6,No,Mystical,Yes,Friendly,Standard Ball
Gourgeist,711,1.7,39,60,ghost,grass,2,494,85,100,122,58,75,54,6,No,Mystical,Yes,Friendly,Standard Ball
Bergmite,712,1,99.5,190,ice,,1,304,55,69,85,32,35,28,6,No,Natural,No,Friendly,Standard Ball
Avalugg,713,2,505,55,ice,,1,514,95,117,184,44,46,28,6,No,Natural,No,Friendly,Specialized Ball
Noibat,714,0.5,8,190,flying,dragon,2,245,40,30,35,45,40,55,6,No,Air,Yes,Friendly,Standard Ball
Noivern,715,1.5,85,45,flying,dragon,2,535,85,70,80,97,80,123,6,No,Air,Yes,Friendly,Ultra Ball
Xerneas,716,3,215,45,fairy,,1,680,126,131,95,131,98,99,6,Yes,Mystical,Yes,Standoffish,Ultra Ball
Yveltal,717,5.8,203,45,dark,flying,2,680,126,131,95,131,98,99,6,Yes,Mystical,Yes,Standoffish,Ultra Ball
Zygarde,718,5,284.6,3,dragon,ground,2,708,216,100,121,91,95,85,6,Yes,Mystical,Yes,Standoffish,Ultra Ball
Diancie,719,0.7,8.8,3,rock,fairy,2,700,50,160,110,160,110,110,6,Yes,Natural,Yes,Friendly,Ultra Ball
Hoopa,720,,,3,psychic,ghost,2,680,80,160,60,170,130,80,6,Yes,Mystical,Yes,Super Loyal,Ultra Ball
Volcanion,721,1.7,195,3,fire,water,2,600,80,110,120,130,90,70,6,Yes,Natural,No,Super Loyal,Ultra Ball
Rowlet,722,0.3,1.5,45,grass,flying,2,320,68,55,55,50,50,42,7,No,Natural,No,Friendly,Ultra Ball
Dartrix,723,0.7,16,45,grass,flying,2,420,78,75,75,70,70,52,7,No,Natural,No,Friendly,Ultra Ball
Decidueye,724,1.6,36.6,45,grass,ghost,2,530,78,107,75,100,100,70,7,No,Natural,Yes,Friendly,Ultra Ball
Litten,725,0.4,4.3,45,fire,,1,320,45,65,40,60,40,70,7,No,Natural,No,Friendly,Ultra Ball
Torracat,726,0.7,25,45,fire,,1,420,65,85,50,80,50,90,7,No,Natural,No,Friendly,Ultra Ball
Incineroar,727,1.8,83,45,fire,dark,2,530,95,115,90,80,90,60,7,No,Natural,Yes,Friendly,Ultra Ball
Popplio,728,0.4,7.5,45,water,,1,320,50,54,54,66,56,40,7,No,Natural,No,Friendly,Ultra Ball
Brionne,729,0.6,17.5,45,water,,1,420,60,69,69,91,81,50,7,No,Natural,No,Friendly,Ultra Ball
Primarina,730,1.8,44,45,water,fairy,2,530,80,74,74,126,116,60,7,No,Natural,Yes,Friendly,Ultra Ball
Pikipek,731,0.3,1.2,255,normal,flying,2,265,35,75,30,30,30,65,7,No,Physical,No,Friendly,Standard Ball
Trumbeak,732,0.6,14.8,120,normal,flying,2,355,55,85,50,40,50,75,7,No,Physical,No,Friendly,Standard Ball
Toucannon,733,1.1,26,45,normal,flying,2,485,80,120,75,75,75,60,7,No,Physical,No,Friendly,Ultra Ball
Yungoos,734,0.4,6,255,normal,,1,253,48,70,30,30,30,45,7,No,Physical,No,Friendly,Standard Ball
Gumshoos,735,0.7,14.2,127,normal,,1,418,88,110,60,55,60,45,7,No,Physical,No,Friendly,Standard Ball
Grubbin,736,0.4,4.4,255,bug,,1,300,47,62,45,55,45,46,7,No,Air,No,Friendly,Specialized Ball
Charjabug,737,0.5,10.5,120,bug,electric,2,400,57,82,95,55,75,36,7,No,Air,No,Friendly,Specialized Ball
Vikavolt,738,1.5,45,45,bug,electric,2,500,77,70,90,145,75,43,7,No,Air,No,Friendly,Ultra Ball
Crabrawler,739,0.6,7,225,fighting,,1,338,47,82,57,42,47,63,7,No,Physical,No,Friendly,Standard Ball
Crabominable,740,1.7,180,60,fighting,ice,2,478,97,132,77,62,67,43,7,No,Physical,No,Friendly,Specialized Ball
Oricorio,741,0.6,3.4,45,fire,flying,2,476,75,70,70,98,70,93,7,No,Natural,No,Friendly,Ultra Ball
Cutiefly,742,0.1,0.2,190,bug,fairy,2,304,40,45,40,55,40,84,7,No,Air,Yes,Friendly,Specialized Ball
Ribombee,743,0.2,0.5,75,bug,fairy,2,464,60,55,60,95,70,124,7,No,Air,Yes,Friendly,Specialized Ball
Rockruff,744,0.5,9.2,190,rock,,1,280,45,65,40,30,40,60,7,No,Natural,No,Friendly,Standard Ball
Lycanroc,745,,,90,rock,,1,487,85,115,75,55,75,82,7,No,Natural,No,Friendly,Standard Ball
Wishiwashi,746,0.2,0.3,60,water,,1,620,45,140,130,140,135,30,7,No,Natural,No,Friendly,Specialized Ball
Mareanie,747,0.4,8,190,poison,water,2,305,50,53,62,43,52,45,7,No,Physical,No,Friendly,Standard Ball
Toxapex,748,0.7,14.5,75,poison,water,2,495,50,63,152,53,142,35,7,No,Physical,No,Friendly,Standard Ball
Mudbray,749,1,110,190,ground,,1,385,70,100,70,45,55,45,7,No,Natural,No,Friendly,Specialized Ball
Mudsdale,750,2.5,920,60,ground,,1,500,100,125,100,55,85,35,7,No,Natural,No,Friendly,Specialized Ball
Dewpider,751,0.3,4,200,water,bug,2,269,38,40,52,40,72,27,7,No,Natural,No,Friendly,Specialized Ball
Araquanid,752,1.8,82,100,water,bug,2,454,68,70,92,50,132,42,7,No,Natural,No,Friendly,Specialized Ball
Fomantis,753,0.3,1.5,190,grass,,1,250,40,55,35,50,35,35,7,No,Natural,No,Friendly,Standard Ball
Lurantis,754,0.9,18.5,75,grass,,1,480,70,105,90,80,90,45,7,No,Natural,No,Friendly,Standard Ball
Morelull,755,0.2,1.5,190,grass,fairy,2,285,40,35,55,65,75,15,7,No,Natural,Yes,Friendly,Standard Ball
Shiinotic,756,1,11.5,75,grass,fairy,2,405,60,45,80,90,100,30,7,No,Natural,Yes,Friendly,Standard Ball
Salandit,757,0.6,4.8,120,poison,fire,2,320,48,44,40,71,40,77,7,No,Physical,No,Friendly,Standard Ball
Salazzle,758,1.2,22.2,45,poison,fire,2,480,68,64,60,111,60,117,7,No,Physical,No,Friendly,Ultra Ball
Stufful,759,0.5,6.8,140,normal,fighting,2,340,70,75,50,45,50,50,7,No,Physical,No,Friendly,Standard Ball
Bewear,760,2.1,135,70,normal,fighting,2,500,120,125,80,55,60,60,7,No,Physical,No,Friendly,Specialized Ball
Bounsweet,761,0.3,3.2,235,grass,,1,210,42,30,38,30,38,32,7,No,Natural,No,Friendly,Standard Ball
Steenee,762,0.7,8.2,120,grass,,1,290,52,40,48,40,48,62,7,No,Natural,No,Friendly,Standard Ball
Tsareena,763,1.2,21.4,45,grass,,1,510,72,120,98,50,98,72,7,No,Natural,No,Friendly,Ultra Ball
Comfey,764,0.1,0.3,60,fairy,,1,485,51,52,90,82,110,100,7,No,Mystical,Yes,Friendly,Specialized Ball
Oranguru,765,1.5,76,45,normal,psychic,2,490,90,60,80,90,110,60,7,No,Physical,Yes,Friendly,Ultra Ball
Passimian,766,2,82.8,45,fighting,,1,490,100,120,90,40,60,80,7,No,Physical,No,Friendly,Ultra Ball
Wimpod,767,0.5,12,90,bug,water,2,230,25,35,40,20,30,80,7,No,Air,No,Friendly,Specialized Ball
Golisopod,768,2,108,45,bug,water,2,530,75,125,140,60,90,40,7,No,Air,No,Friendly,Ultra Ball
Sandygast,769,0.5,70,140,ghost,ground,2,320,55,55,80,70,45,15,7,No,Mystical,Yes,Friendly,Standard Ball
Palossand,770,1.3,250,60,ghost,ground,2,480,85,75,110,100,75,35,7,No,Mystical,Yes,Friendly,Specialized Ball
Pyukumuku,771,0.3,1.2,60,water,,1,410,55,60,130,30,130,5,7,No,Natural,No,Friendly,Specialized Ball
Type: Null,772,1.9,120.5,3,normal,,1,534,95,95,95,95,95,59,7,No,Physical,No,Standoffish,Ultra Ball
Silvally,773,2.3,100.5,3,normal,,1,570,95,95,95,95,95,95,7,No,Physical,No,Standoffish,Ultra Ball
Minior,774,0.3,40,30,rock,flying,2,500,60,100,60,100,60,120,7,No,Natural,No,Friendly,Ultra Ball
Komala,775,0.4,19.9,45,normal,,1,480,65,115,65,75,95,65,7,No,Physical,No,Friendly,Ultra Ball
Turtonator,776,2,212,70,fire,dragon,2,485,60,78,135,91,85,36,7,No,Natural,Yes,Friendly,Specialized Ball
Togedemaru,777,0.3,3.3,180,electric,steel,2,435,65,98,63,40,73,96,7,No,Natural,No,Friendly,Standard Ball
Mimikyu,778,0.2,0.7,45,ghost,fairy,2,476,55,90,80,50,105,96,7,No,Mystical,Yes,Friendly,Ultra Ball
Bruxish,779,0.9,19,80,water,psychic,2,475,68,105,70,70,70,92,7,No,Natural,Yes,Friendly,Specialized Ball
Drampa,780,3,185,70,normal,dragon,2,485,78,60,85,135,91,36,7,No,Physical,Yes,Friendly,Specialized Ball
Dhelmise,781,3.9,210,25,ghost,grass,2,517,70,131,100,86,90,40,7,No,Mystical,Yes,Friendly,Ultra Ball
Jangmo-o,782,0.6,29.7,45,dragon,,1,300,45,55,65,45,45,45,7,No,Mystical,Yes,Friendly,Ultra Ball
Hakamo-o,783,1.2,47,45,dragon,fighting,2,420,55,75,90,65,70,65,7,No,Mystical,Yes,Friendly,Ultra Ball
Kommo-o,784,1.6,78.2,45,dragon,fighting,2,600,75,110,125,100,105,85,7,No,Mystical,Yes,Friendly,Ultra Ball
Tapu Koko,785,1.8,20.5,3,electric,fairy,2,570,70,115,85,95,75,130,7,Yes,Natural,Yes,Friendly,Ultra Ball
Tapu Lele,786,1.2,18.6,3,psychic,fairy,2,570,70,85,75,130,115,95,7,Yes,Mystical,Yes,Friendly,Ultra Ball
Tapu Bulu,787,1.9,45.5,3,grass,fairy,2,570,70,130,115,85,95,75,7,Yes,Natural,Yes,Friendly,Ultra Ball
Tapu Fini,788,1.3,21.2,3,water,fairy,2,570,70,75,115,95,130,85,7,Yes,Natural,Yes,Friendly,Ultra Ball
Cosmog,789,0.2,0.1,45,psychic,,1,200,43,29,31,29,31,37,7,Yes,Mystical,Yes,Standoffish,Ultra Ball
Cosmoem,790,0.1,999.9,45,psychic,,1,400,43,29,131,29,131,37,7,Yes,Mystical,Yes,Standoffish,Ultra Ball
Solgaleo,791,3.4,230,45,psychic,steel,2,680,137,137,107,113,89,97,7,Yes,Mystical,Yes,Standoffish,Ultra Ball
Lunala,792,4,120,45,psychic,ghost,2,680,137,113,89,137,107,97,7,Yes,Mystical,Yes,Standoffish,Ultra Ball
Nihilego,793,1.2,55.5,45,rock,poison,2,570,109,53,47,127,131,103,7,Yes,Natural,No,Standoffish,Ultra Ball
Buzzwole,794,2.4,333.6,25,bug,fighting,2,570,107,139,139,53,53,79,7,Yes,Air,No,Standoffish,Ultra Ball
Pheromosa,795,1.8,25,255,bug,fighting,2,570,71,137,37,137,37,151,7,Yes,Air,No,Standoffish,Specialized Ball
Xurkitree,796,3.8,100,30,electric,,1,570,83,89,71,173,71,83,7,Yes,Natural,No,Standoffish,Ultra Ball
Celesteela,797,9.2,999.9,25,steel,flying,2,570,97,101,103,107,101,61,7,Yes,Physical,No,Standoffish,Ultra Ball
Kartana,798,0.3,0.1,255,grass,steel,2,570,59,181,131,59,31,109,7,Yes,Natural,No,Standoffish,Specialized Ball
Guzzlord,799,5.5,888,15,dark,dragon,2,570,223,101,53,97,53,43,7,Yes,Mystical,Yes,Standoffish,Ultra Ball
Necrozma,800,2.4,230,3,psychic,,1,600,97,107,101,127,89,79,7,Yes,Mystical,Yes,Standoffish,Ultra Ball
Magearna,801,1,80.5,3,steel,fairy,2,600,80,95,115,130,115,65,7,Yes,Physical,Yes,Standoffish,Ultra Ball